id,Gaji
28794,0
28795,0
28796,1
28797,1
28798,0
28799,0
28800,0
28801,0
28802,1
28803,0
28804,0
28805,0
28806,0
28807,0
28808,0
28809,1
28810,0
28811,1
28812,0
28813,0
28814,0
28815,0
28816,1
28817,1
28818,0
28819,1
28820,1
28821,0
28822,0
28823,0
28824,0
28825,0
28826,0
28827,0
28828,0
28829,0
28830,0
28831,0
28832,1
28833,1
28834,0
28835,0
28836,1
28837,0
28838,0
28839,1
28840,0
28841,0
28842,0
28843,0
28844,0
28845,0
28846,0
28847,0
28848,1
28849,0
28850,0
28851,1
28852,1
28853,1
28854,0
28855,0
28856,0
28857,0
28858,1
28859,0
28860,0
28861,0
28862,0
28863,1
28864,0
28865,1
28866,0
28867,0
28868,0
28869,0
28870,0
28871,0
28872,0
28873,0
28874,1
28875,0
28876,1
28877,0
28878,0
28879,1
28880,0
28881,0
28882,0
28883,0
28884,1
28885,0
28886,0
28887,0
28888,0
28889,0
28890,0
28891,0
28892,0
28893,1
28894,0
28895,0
28896,1
28897,1
28898,0
28899,1
28900,1
28901,1
28902,1
28903,1
28904,0
28905,0
28906,0
28907,0
28908,0
28909,1
28910,1
28911,0
28912,0
28913,1
28914,0
28915,0
28916,1
28917,1
28918,0
28919,0
28920,0
28921,0
28922,0
28923,0
28924,0
28925,0
28926,0
28927,0
28928,0
28929,0
28930,1
28931,0
28932,1
28933,0
28934,0
28935,0
28936,0
28937,1
28938,0
28939,0
28940,1
28941,0
28942,0
28943,0
28944,1
28945,1
28946,0
28947,0
28948,0
28949,1
28950,0
28951,0
28952,1
28953,1
28954,1
28955,0
28956,0
28957,0
28958,1
28959,0
28960,0
28961,0
28962,0
28963,1
28964,0
28965,0
28966,0
28967,0
28968,0
28969,0
28970,0
28971,1
28972,1
28973,0
28974,0
28975,0
28976,0
28977,0
28978,0
28979,0
28980,0
28981,0
28982,1
28983,0
28984,0
28985,0
28986,0
28987,0
28988,0
28989,0
28990,0
28991,0
28992,0
28993,1
28994,1
28995,0
28996,0
28997,1
28998,0
28999,0
29000,0
29001,0
29002,0
29003,0
29004,0
29005,0
29006,0
29007,0
29008,1
29009,0
29010,0
29011,0
29012,0
29013,0
29014,0
29015,0
29016,0
29017,0
29018,0
29019,0
29020,1
29021,0
29022,0
29023,0
29024,0
29025,0
29026,0
29027,0
29028,0
29029,0
29030,0
29031,0
29032,1
29033,0
29034,0
29035,0
29036,0
29037,1
29038,1
29039,0
29040,0
29041,1
29042,0
29043,0
29044,0
29045,0
29046,0
29047,0
29048,0
29049,0
29050,0
29051,0
29052,0
29053,0
29054,0
29055,1
29056,0
29057,0
29058,0
29059,0
29060,0
29061,1
29062,0
29063,0
29064,0
29065,0
29066,0
29067,0
29068,0
29069,0
29070,1
29071,0
29072,0
29073,1
29074,0
29075,1
29076,0
29077,0
29078,1
29079,1
29080,0
29081,0
29082,0
29083,0
29084,0
29085,1
29086,1
29087,0
29088,0
29089,0
29090,0
29091,0
29092,1
29093,1
29094,1
29095,0
29096,0
29097,1
29098,0
29099,0
29100,0
29101,0
29102,1
29103,1
29104,1
29105,0
29106,1
29107,0
29108,1
29109,0
29110,0
29111,1
29112,0
29113,0
29114,1
29115,0
29116,1
29117,0
29118,0
29119,1
29120,1
29121,0
29122,0
29123,0
29124,0
29125,1
29126,0
29127,0
29128,0
29129,1
29130,0
29131,0
29132,0
29133,0
29134,1
29135,1
29136,0
29137,0
29138,0
29139,0
29140,0
29141,1
29142,1
29143,0
29144,0
29145,0
29146,0
29147,1
29148,1
29149,0
29150,1
29151,0
29152,1
29153,0
29154,0
29155,0
29156,0
29157,1
29158,1
29159,1
29160,1
29161,0
29162,0
29163,1
29164,0
29165,1
29166,0
29167,1
29168,0
29169,0
29170,1
29171,1
29172,0
29173,1
29174,1
29175,0
29176,1
29177,0
29178,1
29179,0
29180,0
29181,0
29182,0
29183,1
29184,0
29185,0
29186,0
29187,0
29188,0
29189,0
29190,0
29191,1
29192,0
29193,0
29194,0
29195,0
29196,0
29197,0
29198,1
29199,0
29200,0
29201,1
29202,1
29203,0
29204,0
29205,1
29206,0
29207,1
29208,0
29209,0
29210,0
29211,0
29212,1
29213,0
29214,0
29215,1
29216,0
29217,0
29218,0
29219,0
29220,0
29221,1
29222,0
29223,1
29224,0
29225,0
29226,0
29227,0
29228,0
29229,0
29230,0
29231,1
29232,0
29233,1
29234,1
29235,1
29236,1
29237,0
29238,0
29239,1
29240,0
29241,1
29242,1
29243,0
29244,0
29245,0
29246,0
29247,1
29248,0
29249,1
29250,1
29251,1
29252,0
29253,0
29254,0
29255,0
29256,0
29257,0
29258,1
29259,0
29260,0
29261,0
29262,1
29263,0
29264,1
29265,1
29266,0
29267,1
29268,0
29269,1
29270,0
29271,1
29272,1
29273,0
29274,1
29275,0
29276,0
29277,0
29278,0
29279,0
29280,0
29281,0
29282,0
29283,0
29284,0
29285,0
29286,0
29287,0
29288,0
29289,0
29290,0
29291,0
29292,1
29293,0
29294,0
29295,0
29296,0
29297,0
29298,0
29299,0
29300,0
29301,0
29302,1
29303,0
29304,1
29305,0
29306,0
29307,0
29308,0
29309,1
29310,0
29311,0
29312,0
29313,0
29314,0
29315,0
29316,1
29317,1
29318,0
29319,1
29320,0
29321,1
29322,1
29323,0
29324,0
29325,0
29326,0
29327,1
29328,0
29329,0
29330,0
29331,0
29332,0
29333,0
29334,0
29335,0
29336,1
29337,1
29338,1
29339,0
29340,0
29341,0
29342,1
29343,0
29344,1
29345,1
29346,1
29347,0
29348,0
29349,0
29350,0
29351,0
29352,0
29353,1
29354,0
29355,0
29356,0
29357,0
29358,0
29359,0
29360,0
29361,1
29362,0
29363,0
29364,1
29365,1
29366,1
29367,0
29368,1
29369,0
29370,0
29371,0
29372,1
29373,0
29374,0
29375,0
29376,1
29377,0
29378,0
29379,0
29380,0
29381,0
29382,0
29383,0
29384,0
29385,0
29386,0
29387,0
29388,0
29389,1
29390,0
29391,1
29392,0
29393,1
29394,1
29395,1
29396,0
29397,0
29398,0
29399,1
29400,0
29401,0
29402,0
29403,0
29404,0
29405,0
29406,0
29407,0
29408,1
29409,1
29410,0
29411,1
29412,0
29413,1
29414,0
29415,0
29416,0
29417,0
29418,1
29419,0
29420,0
29421,0
29422,1
29423,1
29424,0
29425,0
29426,0
29427,0
29428,0
29429,1
29430,1
29431,1
29432,0
29433,0
29434,0
29435,1
29436,0
29437,0
29438,0
29439,0
29440,0
29441,0
29442,0
29443,0
29444,0
29445,0
29446,0
29447,1
29448,0
29449,1
29450,0
29451,0
29452,0
29453,1
29454,0
29455,0
29456,0
29457,0
29458,0
29459,0
29460,1
29461,1
29462,0
29463,1
29464,0
29465,0
29466,0
29467,1
29468,1
29469,0
29470,1
29471,1
29472,0
29473,0
29474,0
29475,0
29476,1
29477,0
29478,0
29479,0
29480,0
29481,1
29482,0
29483,0
29484,0
29485,0
29486,1
29487,1
29488,0
29489,0
29490,1
29491,0
29492,0
29493,1
29494,0
29495,0
29496,0
29497,0
29498,1
29499,1
29500,1
29501,0
29502,0
29503,1
29504,1
29505,0
29506,0
29507,1
29508,0
29509,0
29510,0
29511,0
29512,0
29513,0
29514,0
29515,0
29516,1
29517,1
29518,1
29519,0
29520,1
29521,1
29522,0
29523,1
29524,1
29525,0
29526,1
29527,0
29528,1
29529,0
29530,0
29531,0
29532,0
29533,0
29534,1
29535,1
29536,0
29537,0
29538,1
29539,0
29540,0
29541,0
29542,0
29543,0
29544,0
29545,1
29546,0
29547,0
29548,0
29549,0
29550,0
29551,0
29552,1
29553,0
29554,0
29555,0
29556,1
29557,0
29558,0
29559,0
29560,0
29561,0
29562,1
29563,0
29564,0
29565,1
29566,1
29567,0
29568,0
29569,0
29570,0
29571,0
29572,1
29573,1
29574,0
29575,1
29576,0
29577,1
29578,0
29579,0
29580,0
29581,0
29582,0
29583,0
29584,0
29585,1
29586,0
29587,0
29588,0
29589,1
29590,1
29591,1
29592,1
29593,0
29594,1
29595,0
29596,0
29597,1
29598,0
29599,1
29600,0
29601,1
29602,0
29603,1
29604,0
29605,0
29606,0
29607,0
29608,1
29609,0
29610,1
29611,0
29612,0
29613,0
29614,0
29615,0
29616,0
29617,0
29618,0
29619,0
29620,0
29621,0
29622,1
29623,0
29624,1
29625,0
29626,1
29627,0
29628,0
29629,0
29630,0
29631,1
29632,0
29633,0
29634,1
29635,0
29636,1
29637,0
29638,0
29639,0
29640,0
29641,0
29642,0
29643,0
29644,0
29645,0
29646,0
29647,0
29648,0
29649,1
29650,1
29651,0
29652,0
29653,0
29654,0
29655,1
29656,0
29657,0
29658,1
29659,1
29660,0
29661,0
29662,0
29663,1
29664,0
29665,1
29666,0
29667,0
29668,1
29669,1
29670,0
29671,0
29672,0
29673,0
29674,1
29675,0
29676,0
29677,0
29678,0
29679,1
29680,0
29681,0
29682,0
29683,0
29684,0
29685,0
29686,0
29687,0
29688,0
29689,0
29690,0
29691,0
29692,1
29693,1
29694,0
29695,1
29696,0
29697,1
29698,0
29699,0
29700,1
29701,0
29702,0
29703,1
29704,1
29705,1
29706,0
29707,0
29708,0
29709,0
29710,1
29711,0
29712,0
29713,1
29714,1
29715,0
29716,0
29717,1
29718,0
29719,1
29720,0
29721,1
29722,1
29723,1
29724,0
29725,0
29726,0
29727,0
29728,0
29729,0
29730,0
29731,1
29732,0
29733,0
29734,1
29735,0
29736,1
29737,0
29738,1
29739,0
29740,0
29741,0
29742,0
29743,0
29744,0
29745,0
29746,0
29747,0
29748,0
29749,0
29750,1
29751,1
29752,1
29753,0
29754,0
29755,0
29756,1
29757,0
29758,0
29759,0
29760,1
29761,0
29762,0
29763,0
29764,1
29765,0
29766,1
29767,0
29768,1
29769,0
29770,0
29771,0
29772,0
29773,0
29774,0
29775,1
29776,1
29777,1
29778,0
29779,1
29780,1
29781,1
29782,0
29783,0
29784,0
29785,0
29786,0
29787,1
29788,1
29789,1
29790,0
29791,0
29792,0
29793,0
29794,0
29795,0
29796,0
29797,0
29798,0
29799,1
29800,0
29801,0
29802,0
29803,1
29804,0
29805,0
29806,0
29807,0
29808,0
29809,0
29810,1
29811,0
29812,0
29813,0
29814,0
29815,0
29816,0
29817,1
29818,1
29819,0
29820,0
29821,0
29822,1
29823,0
29824,1
29825,1
29826,0
29827,1
29828,0
29829,0
29830,0
29831,0
29832,0
29833,1
29834,0
29835,0
29836,0
29837,0
29838,0
29839,0
29840,1
29841,1
29842,0
29843,1
29844,1
29845,0
29846,1
29847,0
29848,0
29849,1
29850,1
29851,0
29852,0
29853,1
29854,0
29855,0
29856,1
29857,0
29858,0
29859,1
29860,0
29861,0
29862,0
29863,0
29864,0
29865,0
29866,1
29867,0
29868,0
29869,0
29870,0
29871,1
29872,0
29873,0
29874,0
29875,0
29876,0
29877,1
29878,0
29879,0
29880,0
29881,1
29882,0
29883,0
29884,1
29885,0
29886,0
29887,0
29888,0
29889,0
29890,1
29891,0
29892,1
29893,1
29894,1
29895,1
29896,0
29897,0
29898,1
29899,0
29900,0
29901,1
29902,1
29903,0
29904,0
29905,0
29906,0
29907,1
29908,0
29909,0
29910,0
29911,0
29912,0
29913,1
29914,1
29915,1
29916,0
29917,0
29918,1
29919,0
29920,0
29921,0
29922,1
29923,0
29924,0
29925,0
29926,0
29927,1
29928,0
29929,0
29930,1
29931,1
29932,1
29933,0
29934,0
29935,1
29936,0
29937,0
29938,1
29939,1
29940,0
29941,0
29942,1
29943,0
29944,0
29945,0
29946,0
29947,0
29948,1
29949,0
29950,0
29951,1
29952,0
29953,1
29954,0
29955,0
29956,1
29957,1
29958,1
29959,0
29960,0
29961,1
29962,1
29963,0
29964,1
29965,0
29966,0
29967,1
29968,0
29969,0
29970,0
29971,0
29972,1
29973,1
29974,0
29975,0
29976,1
29977,0
29978,0
29979,0
29980,0
29981,1
29982,0
29983,0
29984,0
29985,0
29986,0
29987,1
29988,1
29989,1
29990,0
29991,0
29992,0
29993,0
29994,0
29995,0
29996,0
29997,1
29998,0
29999,1
30000,0
30001,0
30002,0
30003,0
30004,1
30005,0
30006,1
30007,1
30008,0
30009,0
30010,0
30011,0
30012,0
30013,0
30014,1
30015,0
30016,0
30017,1
30018,0
30019,0
30020,1
30021,0
30022,0
30023,0
30024,0
30025,0
30026,0
30027,1
30028,0
30029,0
30030,0
30031,0
30032,0
30033,1
30034,0
30035,0
30036,0
30037,1
30038,0
30039,0
30040,0
30041,0
30042,1
30043,1
30044,0
30045,1
30046,0
30047,0
30048,0
30049,1
30050,0
30051,1
30052,0
30053,0
30054,0
30055,0
30056,0
30057,0
30058,0
30059,0
30060,0
30061,1
30062,0
30063,1
30064,0
30065,1
30066,0
30067,0
30068,0
30069,0
30070,1
30071,0
30072,0
30073,0
30074,1
30075,0
30076,0
30077,0
30078,0
30079,0
30080,1
30081,1
30082,0
30083,0
30084,0
30085,0
30086,0
30087,0
30088,0
30089,1
30090,1
30091,0
30092,0
30093,1
30094,0
30095,0
30096,0
30097,0
30098,0
30099,1
30100,1
30101,0
30102,1
30103,0
30104,0
30105,0
30106,0
30107,0
30108,0
30109,0
30110,0
30111,0
30112,0
30113,0
30114,1
30115,0
30116,1
30117,0
30118,0
30119,0
30120,0
30121,0
30122,0
30123,0
30124,1
30125,0
30126,0
30127,0
30128,1
30129,0
30130,0
30131,1
30132,0
30133,0
30134,0
30135,0
30136,0
30137,1
30138,0
30139,1
30140,0
30141,0
30142,1
30143,1
30144,1
30145,1
30146,0
30147,0
30148,0
30149,1
30150,0
30151,0
30152,0
30153,0
30154,0
30155,1
30156,0
30157,0
30158,0
30159,0
30160,0
30161,1
30162,0
30163,1
30164,0
30165,0
30166,1
30167,0
30168,0
30169,0
30170,0
30171,0
30172,1
30173,0
30174,0
30175,0
30176,0
30177,0
30178,1
30179,0
30180,1
30181,0
30182,1
30183,0
30184,0
30185,0
30186,1
30187,0
30188,1
30189,0
30190,1
30191,0
30192,0
30193,0
30194,1
30195,0
30196,1
30197,0
30198,0
30199,0
30200,0
30201,0
30202,1
30203,0
30204,0
30205,1
30206,0
30207,0
30208,0
30209,0
30210,0
30211,1
30212,1
30213,1
30214,0
30215,0
30216,0
30217,1
30218,0
30219,0
30220,0
30221,0
30222,0
30223,0
30224,1
30225,0
30226,1
30227,0
30228,0
30229,0
30230,1
30231,0
30232,0
30233,0
30234,0
30235,1
30236,1
30237,0
30238,0
30239,0
30240,0
30241,0
30242,0
30243,1
30244,0
30245,1
30246,0
30247,0
30248,0
30249,0
30250,0
30251,1
30252,0
30253,1
30254,1
30255,1
30256,1
30257,1
30258,0
30259,0
30260,1
30261,0
30262,0
30263,0
30264,0
30265,1
30266,0
30267,1
30268,0
30269,1
30270,0
30271,1
30272,0
30273,0
30274,0
30275,1
30276,0
30277,0
30278,1
30279,0
30280,1
30281,0
30282,0
30283,0
30284,0
30285,0
30286,0
30287,1
30288,0
30289,1
30290,0
30291,0
30292,1
30293,0
30294,0
30295,0
30296,0
30297,0
30298,0
30299,0
30300,0
30301,0
30302,1
30303,0
30304,1
30305,0
30306,1
30307,0
30308,1
30309,0
30310,0
30311,0
30312,0
30313,1
30314,0
30315,0
30316,0
30317,0
30318,1
30319,0
30320,0
30321,0
30322,1
30323,0
30324,0
30325,0
30326,0
30327,0
30328,0
30329,0
30330,0
30331,1
30332,0
30333,0
30334,0
30335,0
30336,0
30337,0
30338,0
30339,0
30340,0
30341,0
30342,0
30343,0
30344,0
30345,0
30346,0
30347,1
30348,0
30349,0
30350,0
30351,1
30352,0
30353,0
30354,0
30355,1
30356,0
30357,1
30358,1
30359,0
30360,0
30361,0
30362,1
30363,0
30364,0
30365,1
30366,0
30367,0
30368,0
30369,0
30370,1
30371,1
30372,0
30373,0
30374,1
30375,0
30376,1
30377,0
30378,1
30379,0
30380,0
30381,0
30382,1
30383,0
30384,0
30385,0
30386,0
30387,0
30388,0
30389,0
30390,0
30391,0
30392,0
30393,1
30394,1
30395,0
30396,0
30397,0
30398,0
30399,0
30400,0
30401,1
30402,1
30403,1
30404,0
30405,0
30406,1
30407,0
30408,1
30409,0
30410,1
30411,0
30412,0
30413,0
30414,0
30415,0
30416,0
30417,1
30418,0
30419,1
30420,1
30421,0
30422,0
30423,1
30424,0
30425,0
30426,0
30427,1
30428,0
30429,0
30430,0
30431,0
30432,0
30433,0
30434,1
30435,0
30436,0
30437,0
30438,0
30439,0
30440,1
30441,1
30442,0
30443,0
30444,0
30445,1
30446,0
30447,0
30448,1
30449,0
30450,0
30451,0
30452,0
30453,0
30454,1
30455,0
30456,1
30457,0
30458,0
30459,0
30460,1
30461,1
30462,1
30463,0
30464,1
30465,0
30466,1
30467,0
30468,0
30469,1
30470,0
30471,1
30472,0
30473,0
30474,0
30475,0
30476,0
30477,1
30478,0
30479,0
30480,1
30481,0
30482,1
30483,0
30484,1
30485,1
30486,0
30487,0
30488,1
30489,0
30490,0
30491,0
30492,1
30493,0
30494,1
30495,1
30496,0
30497,1
30498,0
30499,0
30500,0
30501,0
30502,1
30503,0
30504,0
30505,1
30506,0
30507,0
30508,0
30509,0
30510,0
30511,0
30512,1
30513,1
30514,0
30515,1
30516,0
30517,1
30518,1
30519,1
30520,0
30521,1
30522,0
30523,0
30524,1
30525,1
30526,0
30527,0
30528,0
30529,1
30530,0
30531,0
30532,0
30533,0
30534,0
30535,0
30536,1
30537,0
30538,1
30539,1
30540,1
30541,0
30542,0
30543,0
30544,0
30545,1
30546,0
30547,0
30548,0
30549,1
30550,1
30551,1
30552,1
30553,1
30554,0
30555,0
30556,1
30557,0
30558,0
30559,0
30560,0
30561,0
30562,1
30563,0
30564,0
30565,0
30566,0
30567,1
30568,0
30569,1
30570,0
30571,1
30572,0
30573,0
30574,1
30575,0
30576,0
30577,1
30578,1
30579,1
30580,0
30581,1
30582,0
30583,0
30584,0
30585,1
30586,0
30587,1
30588,1
30589,0
30590,1
30591,0
30592,1
30593,0
30594,0
30595,0
30596,1
30597,0
30598,0
30599,0
30600,1
30601,0
30602,0
30603,0
30604,0
30605,0
30606,0
30607,0
30608,0
30609,0
30610,0
30611,0
30612,0
30613,1
30614,0
30615,0
30616,0
30617,1
30618,0
30619,1
30620,1
30621,0
30622,0
30623,1
30624,1
30625,1
30626,0
30627,0
30628,0
30629,0
30630,0
30631,0
30632,0
30633,1
30634,0
30635,0
30636,0
30637,1
30638,0
30639,0
30640,0
30641,0
30642,0
30643,0
30644,0
30645,0
30646,0
30647,0
30648,0
30649,0
30650,0
30651,0
30652,0
30653,0
30654,1
30655,1
30656,0
30657,0
30658,0
30659,0
30660,0
30661,1
30662,0
30663,0
30664,1
30665,1
30666,1
30667,0
30668,0
30669,1
30670,0
30671,1
30672,0
30673,0
30674,1
30675,0
30676,0
30677,0
30678,1
30679,0
30680,0
30681,0
30682,0
30683,1
30684,0
30685,0
30686,0
30687,1
30688,1
30689,0
30690,1
30691,0
30692,0
30693,1
30694,1
30695,1
30696,1
30697,1
30698,0
30699,0
30700,0
30701,0
30702,0
30703,0
30704,1
30705,0
30706,1
30707,0
30708,0
30709,0
30710,0
30711,1
30712,0
30713,0
30714,0
30715,1
30716,0
30717,1
30718,1
30719,1
30720,1
30721,0
30722,0
30723,1
30724,0
30725,0
30726,0
30727,0
30728,0
30729,1
30730,1
30731,0
30732,1
30733,0
30734,1
30735,0
30736,0
30737,1
30738,0
30739,0
30740,1
30741,1
30742,1
30743,0
30744,1
30745,1
30746,1
30747,0
30748,0
30749,0
30750,1
30751,1
30752,0
30753,0
30754,0
30755,0
30756,1
30757,0
30758,1
30759,1
30760,0
30761,0
30762,1
30763,0
30764,0
30765,1
30766,0
30767,0
30768,1
30769,0
30770,1
30771,0
30772,0
30773,0
30774,0
30775,1
30776,1
30777,0
30778,1
30779,0
30780,0
30781,0
30782,0
30783,0
30784,0
30785,1
30786,0
30787,0
30788,0
30789,0
30790,1
30791,0
30792,1
30793,1
30794,1
30795,0
30796,1
30797,0
30798,0
30799,0
30800,1
30801,0
30802,0
30803,1
30804,1
30805,0
30806,0
30807,0
30808,0
30809,0
30810,0
30811,0
30812,0
30813,0
30814,0
30815,0
30816,1
30817,1
30818,0
30819,0
30820,1
30821,1
30822,0
30823,0
30824,0
30825,0
30826,0
30827,0
30828,0
30829,0
30830,1
30831,0
30832,0
30833,0
30834,1
30835,1
30836,1
30837,0
30838,1
30839,1
30840,0
30841,0
30842,0
30843,0
30844,0
30845,0
30846,0
30847,1
30848,0
30849,0
30850,1
30851,0
30852,1
30853,0
30854,1
30855,0
30856,0
30857,0
30858,1
30859,1
30860,1
30861,0
30862,0
30863,0
30864,1
30865,1
30866,0
30867,0
30868,0
30869,0
30870,0
30871,0
30872,0
30873,0
30874,0
30875,0
30876,0
30877,0
30878,0
30879,0
30880,0
30881,1
30882,0
30883,0
30884,1
30885,0
30886,0
30887,0
30888,0
30889,0
30890,1
30891,0
30892,0
30893,1
30894,0
30895,1
30896,0
30897,0
30898,0
30899,0
30900,1
30901,1
30902,0
30903,1
30904,0
30905,0
30906,0
30907,1
30908,1
30909,0
30910,1
30911,1
30912,1
30913,0
30914,1
30915,0
30916,0
30917,1
30918,0
30919,0
30920,1
30921,1
30922,1
30923,0
30924,0
30925,0
30926,0
30927,0
30928,0
30929,0
30930,0
30931,1
30932,0
30933,0
30934,1
30935,1
30936,0
30937,1
30938,1
30939,0
30940,0
30941,0
30942,0
30943,1
30944,0
30945,0
30946,0
30947,0
30948,0
30949,0
30950,1
30951,1
30952,1
30953,1
30954,1
30955,0
30956,0
30957,1
30958,1
30959,1
30960,1
30961,1
30962,0
30963,0
30964,0
30965,0
30966,0
30967,1
30968,0
30969,0
30970,0
30971,0
30972,0
30973,0
30974,0
30975,0
30976,0
30977,0
30978,1
30979,1
30980,0
30981,0
30982,0
30983,1
30984,1
30985,0
30986,1
30987,1
30988,0
30989,0
30990,0
30991,0
30992,1
30993,1
30994,0
30995,1
30996,0
30997,0
30998,1
30999,1
31000,0
31001,0
31002,1
31003,1
31004,0
31005,1
31006,1
31007,0
31008,0
31009,1
31010,1
31011,0
31012,0
31013,0
31014,0
31015,0
31016,0
31017,1
31018,0
31019,0
31020,0
31021,0
31022,1
31023,0
31024,0
31025,1
31026,0
31027,1
31028,0
31029,0
31030,0
31031,0
31032,0
31033,0
31034,0
31035,1
31036,0
31037,1
31038,1
31039,1
31040,1
31041,0
31042,0
31043,0
31044,0
31045,1
31046,0
31047,0
31048,1
31049,0
31050,0
31051,0
31052,1
31053,0
31054,0
31055,0
31056,0
31057,0
31058,0
31059,1
31060,0
31061,0
31062,0
31063,0
31064,0
31065,0
31066,0
31067,0
31068,0
31069,0
31070,1
31071,0
31072,0
31073,1
31074,1
31075,0
31076,0
31077,1
31078,0
31079,0
31080,0
31081,1
31082,1
31083,1
31084,0
31085,0
31086,0
31087,1
31088,1
31089,1
31090,0
31091,0
31092,0
31093,0
31094,0
31095,1
31096,0
31097,0
31098,0
31099,1
31100,0
31101,0
31102,1
31103,0
31104,0
31105,0
31106,1
31107,0
31108,0
31109,1
31110,0
31111,0
31112,0
31113,0
31114,0
31115,0
31116,0
31117,0
31118,0
31119,1
31120,0
31121,0
31122,0
31123,0
31124,1
31125,1
31126,1
31127,1
31128,0
31129,0
31130,0
31131,1
31132,0
31133,0
31134,1
31135,0
31136,0
31137,1
31138,1
31139,0
31140,1
31141,0
31142,1
31143,0
31144,0
31145,0
31146,1
31147,1
31148,0
31149,0
31150,0
31151,0
31152,1
31153,1
31154,1
31155,0
31156,0
31157,0
31158,0
31159,0
31160,1
31161,1
31162,1
31163,0
31164,0
31165,0
31166,1
31167,0
31168,0
31169,0
31170,1
31171,0
31172,1
31173,0
31174,0
31175,1
31176,0
31177,0
31178,0
31179,0
31180,0
31181,0
31182,0
31183,0
31184,0
31185,0
31186,1
31187,0
31188,0
31189,0
31190,0
31191,0
31192,0
31193,1
31194,1
31195,0
31196,1
31197,1
31198,0
31199,0
31200,0
31201,0
31202,0
31203,1
31204,0
31205,0
31206,0
31207,0
31208,0
31209,0
31210,0
31211,0
31212,0
31213,1
31214,0
31215,0
31216,0
31217,1
31218,0
31219,1
31220,1
31221,0
31222,1
31223,0
31224,0
31225,0
31226,0
31227,0
31228,0
31229,1
31230,0
31231,1
31232,0
31233,1
31234,0
31235,0
31236,0
31237,0
31238,1
31239,1
31240,1
31241,1
31242,0
31243,1
31244,0
31245,0
31246,0
31247,0
31248,0
31249,0
31250,1
31251,1
31252,0
31253,1
31254,0
31255,0
31256,0
31257,0
31258,0
31259,0
31260,1
31261,0
31262,0
31263,0
31264,0
31265,0
31266,0
31267,0
31268,0
31269,1
31270,1
31271,0
31272,0
31273,1
31274,0
31275,0
31276,0
31277,1
31278,1
31279,0
31280,0
31281,0
31282,1
31283,0
31284,0
31285,0
31286,1
31287,0
31288,0
31289,1
31290,0
31291,0
31292,1
31293,1
31294,0
31295,0
31296,0
31297,0
31298,0
31299,1
31300,1
31301,0
31302,0
31303,0
31304,0
31305,0
31306,0
31307,1
31308,0
31309,0
31310,0
31311,1
31312,0
31313,0
31314,0
31315,0
31316,0
31317,0
31318,0
31319,0
31320,0
31321,0
31322,0
31323,1
31324,0
31325,0
31326,0
31327,0
31328,1
31329,0
31330,1
31331,0
31332,0
31333,0
31334,0
31335,1
31336,0
31337,0
31338,0
31339,1
31340,0
31341,0
31342,0
31343,0
31344,0
31345,0
31346,0
31347,1
31348,1
31349,1
31350,1
31351,1
31352,1
31353,1
31354,0
31355,1
31356,0
31357,0
31358,0
31359,0
31360,0
31361,1
31362,0
31363,0
31364,0
31365,0
31366,1
31367,0
31368,1
31369,1
31370,0
31371,0
31372,0
31373,1
31374,0
31375,0
31376,0
31377,0
31378,0
31379,1
31380,0
31381,0
31382,1
31383,0
31384,0
31385,1
31386,0
31387,0
31388,0
31389,0
31390,0
31391,1
31392,0
31393,1
31394,0
31395,1
31396,0
31397,1
31398,0
31399,0
31400,0
31401,0
31402,0
31403,0
31404,0
31405,0
31406,1
31407,0
31408,0
31409,1
31410,0
31411,0
31412,0
31413,0
31414,1
31415,1
31416,0
31417,1
31418,1
31419,0
31420,1
31421,0
31422,0
31423,0
31424,0
31425,0
31426,0
31427,0
31428,0
31429,0
31430,0
31431,1
31432,0
31433,0
31434,0
31435,1
31436,1
31437,0
31438,0
31439,0
31440,1
31441,0
31442,1
31443,1
31444,1
31445,1
31446,0
31447,0
31448,0
31449,0
31450,0
31451,0
31452,0
31453,0
31454,1
31455,0
31456,1
31457,1
31458,1
31459,0
31460,0
31461,0
31462,0
31463,0
31464,0
31465,0
31466,0
31467,0
31468,0
31469,1
31470,0
31471,0
31472,0
31473,0
31474,0
31475,0
31476,1
31477,0
31478,0
31479,0
31480,0
31481,1
31482,0
31483,1
31484,1
31485,0
31486,0
31487,1
31488,0
31489,0
31490,1
31491,0
31492,0
31493,0
31494,0
31495,1
31496,1
31497,1
31498,0
31499,0
31500,0
31501,0
31502,1
31503,0
31504,0
31505,1
31506,0
31507,0
31508,1
31509,0
31510,0
31511,1
31512,1
31513,0
31514,1
31515,1
31516,0
31517,0
31518,0
31519,0
31520,0
31521,0
31522,0
31523,0
31524,0
31525,0
31526,0
31527,0
31528,0
31529,1
31530,1
31531,0
31532,0
31533,0
31534,1
31535,0
31536,0
31537,0
31538,0
31539,0
31540,0
31541,0
31542,1
31543,0
31544,0
31545,0
31546,1
31547,0
31548,0
31549,1
31550,0
31551,0
31552,0
31553,0
31554,1
31555,0
31556,0
31557,0
31558,1
31559,1
31560,0
31561,0
31562,0
31563,0
31564,1
31565,0
31566,0
31567,0
31568,0
31569,0
31570,0
31571,1
31572,0
31573,0
31574,1
31575,1
31576,1
31577,0
31578,0
31579,0
31580,0
31581,0
31582,0
31583,1
31584,0
31585,1
31586,0
31587,0
31588,1
31589,1
31590,0
31591,0
31592,0
31593,0
31594,1
31595,0
31596,0
31597,0
31598,1
31599,0
31600,0
31601,0
31602,1
31603,0
31604,0
31605,1
31606,0
31607,1
31608,0
31609,0
31610,1
31611,0
31612,0
31613,0
31614,0
31615,0
31616,0
31617,1
31618,0
31619,0
31620,0
31621,0
31622,0
31623,0
31624,0
31625,0
31626,0
31627,1
31628,0
31629,0
31630,0
31631,0
31632,0
31633,0
31634,0
31635,1
31636,0
31637,0
31638,0
31639,0
31640,0
31641,1
31642,1
31643,0
31644,0
31645,0
31646,0
31647,1
31648,1
31649,1
31650,0
31651,0
31652,0
31653,0
31654,0
31655,1
31656,0
31657,0
31658,1
31659,0
31660,0
31661,0
31662,1
31663,0
31664,1
31665,0
31666,0
31667,0
31668,0
31669,1
31670,0
31671,1
31672,0
31673,1
31674,0
31675,1
31676,0
31677,0
31678,0
31679,0
31680,1
31681,0
31682,1
31683,1
31684,0
31685,1
31686,0
31687,0
31688,1
31689,0
31690,0
31691,0
31692,0
31693,0
31694,0
31695,0
31696,0
31697,1
31698,0
31699,0
31700,1
31701,0
31702,0
31703,0
31704,0
31705,0
31706,0
31707,0
31708,0
31709,1
31710,0
31711,1
31712,0
31713,1
31714,0
31715,1
31716,0
31717,1
31718,0
31719,0
31720,1
31721,1
31722,1
31723,0
31724,1
31725,0
31726,1
31727,1
31728,1
31729,0
31730,0
31731,0
31732,0
31733,0
31734,1
31735,0
31736,0
31737,0
31738,0
31739,0
31740,0
31741,0
31742,0
31743,0
31744,1
31745,0
31746,1
31747,0
31748,1
31749,1
31750,0
31751,1
31752,0
31753,1
31754,0
31755,0
31756,0
31757,0
31758,1
31759,1
31760,1
31761,0
31762,0
31763,0
31764,1
31765,1
31766,0
31767,1
31768,0
31769,1
31770,0
31771,0
31772,0
31773,0
31774,0
31775,0
31776,0
31777,0
31778,0
31779,0
31780,1
31781,0
31782,0
31783,0
31784,1
31785,1
31786,1
31787,0
31788,0
31789,0
31790,0
31791,0
31792,1
31793,1
31794,0
31795,1
31796,1
31797,1
31798,0
31799,0
31800,0
31801,1
31802,1
31803,0
31804,1
31805,0
31806,0
31807,0
31808,1
31809,1
31810,0
31811,1
31812,0
31813,0
31814,0
31815,0
31816,0
31817,0
31818,0
31819,1
31820,1
31821,0
31822,0
31823,0
31824,1
31825,0
31826,0
31827,1
31828,0
31829,0
31830,0
31831,0
31832,0
31833,0
31834,1
31835,0
31836,1
31837,0
31838,0
31839,0
31840,1
31841,1
31842,0
31843,0
31844,1
31845,0
31846,0
31847,1
31848,0
31849,1
31850,0
31851,0
31852,0
31853,0
31854,0
31855,1
31856,0
31857,1
31858,1
31859,0
31860,1
31861,1
31862,0
31863,0
31864,1
31865,1
31866,0
31867,0
31868,0
31869,0
31870,0
31871,1
31872,1
31873,0
31874,0
31875,0
31876,0
31877,0
31878,1
31879,0
31880,0
31881,0
31882,0
31883,0
31884,0
31885,0
31886,0
31887,0
31888,0
31889,0
31890,1
31891,0
31892,1
31893,1
31894,0
31895,1
31896,0
31897,0
31898,0
31899,0
31900,1
31901,0
31902,0
31903,0
31904,1
31905,0
31906,0
31907,0
31908,0
31909,0
31910,0
31911,0
31912,0
31913,1
31914,0
31915,0
31916,0
31917,0
31918,0
31919,0
31920,0
31921,0
31922,0
31923,0
31924,1
31925,0
31926,1
31927,0
31928,0
31929,1
31930,1
31931,0
31932,1
31933,0
31934,1
31935,0
31936,0
31937,1
31938,1
31939,0
31940,0
31941,1
31942,0
31943,1
31944,0
31945,1
31946,0
31947,0
31948,1
31949,0
31950,0
31951,0
31952,1
31953,0
31954,0
31955,0
31956,1
31957,0
31958,1
31959,0
31960,0
31961,0
31962,0
31963,0
31964,1
31965,0
31966,0
31967,0
31968,0
31969,0
31970,1
31971,0
31972,0
31973,0
31974,0
31975,1
31976,0
31977,0
31978,0
31979,0
31980,1
31981,0
31982,0
31983,0
31984,1
31985,0
31986,0
31987,0
31988,0
31989,1
31990,1
31991,0
31992,0
31993,1
31994,0
31995,1
31996,0
31997,1
31998,0
31999,1
32000,0
32001,0
32002,0
32003,0
32004,0
32005,0
32006,0
32007,1
32008,0
32009,0
32010,0
32011,1
32012,0
32013,0
32014,1
32015,1
32016,1
32017,1
32018,0
32019,0
32020,0
32021,1
32022,0
32023,0
32024,1
32025,1
32026,1
32027,1
32028,1
32029,1
32030,1
32031,1
32032,0
32033,0
32034,1
32035,1
32036,1
32037,1
32038,1
32039,1
32040,0
32041,0
32042,1
32043,0
32044,0
32045,0
32046,0
32047,1
32048,0
32049,0
32050,1
32051,1
32052,0
32053,0
32054,1
32055,1
32056,0
32057,0
32058,0
32059,0
32060,1
32061,0
32062,0
32063,0
32064,0
32065,0
32066,1
32067,0
32068,0
32069,0
32070,1
32071,1
32072,0
32073,0
32074,0
32075,0
32076,1
32077,0
32078,0
32079,0
32080,1
32081,0
32082,0
32083,1
32084,0
32085,0
32086,1
32087,0
32088,0
32089,0
32090,0
32091,1
32092,0
32093,1
32094,0
32095,0
32096,0
32097,0
32098,1
32099,0
32100,1
32101,1
32102,1
32103,0
32104,1
32105,0
32106,0
32107,0
32108,0
32109,0
32110,1
32111,0
32112,0
32113,1
32114,0
32115,0
32116,0
32117,0
32118,0
32119,1
32120,0
32121,1
32122,0
32123,0
32124,0
32125,0
32126,1
32127,0
32128,1
32129,0
32130,0
32131,1
32132,0
32133,0
32134,1
32135,0
32136,0
32137,1
32138,0
32139,0
32140,1
32141,0
32142,1
32143,0
32144,0
32145,0
32146,0
32147,1
32148,0
32149,1
32150,1
32151,1
32152,0
32153,1
32154,0
32155,1
32156,0
32157,0
32158,0
32159,0
32160,0
32161,0
32162,0
32163,1
32164,1
32165,1
32166,1
32167,1
32168,1
32169,1
32170,0
32171,0
32172,1
32173,0
32174,0
32175,0
32176,0
32177,0
32178,0
32179,0
32180,0
32181,0
32182,0
32183,1
32184,0
32185,0
32186,1
32187,1
32188,1
32189,1
32190,0
32191,0
32192,1
32193,0
32194,1
32195,0
32196,0
32197,0
32198,1
32199,1
32200,0
32201,1
32202,0
32203,0
32204,0
32205,1
32206,0
32207,1
32208,1
32209,0
32210,0
32211,1
32212,0
32213,1
32214,0
32215,1
32216,0
32217,1
32218,1
32219,0
32220,0
32221,0
32222,1
32223,0
32224,0
32225,0
32226,1
32227,0
32228,0
32229,0
32230,0
32231,0
32232,0
32233,1
32234,1
32235,1
32236,0
32237,0
32238,1
32239,1
32240,0
32241,1
32242,0
32243,1
32244,1
32245,0
32246,0
32247,0
32248,0
32249,1
32250,1
32251,0
32252,0
32253,1
32254,0
32255,1
32256,0
32257,0
32258,1
32259,1
32260,0
32261,0
32262,1
32263,1
32264,1
32265,1
32266,0
32267,1
32268,0
32269,1
32270,1
32271,1
32272,0
32273,0
32274,1
32275,0
32276,0
32277,0
32278,0
32279,1
32280,0
32281,1
32282,0
32283,0
32284,1
32285,1
32286,0
32287,0
32288,0
32289,0
32290,0
32291,0
32292,0
32293,0
32294,0
32295,0
32296,0
32297,0
32298,0
32299,0
32300,0
32301,1
32302,1
32303,0
32304,0
32305,0
32306,0
32307,0
32308,0
32309,0
32310,0
32311,0
32312,0
32313,0
32314,0
32315,0
32316,1
32317,0
32318,1
32319,0
32320,0
32321,1
32322,0
32323,0
32324,1
32325,0
32326,0
32327,1
32328,0
32329,0
32330,0
32331,0
32332,0
32333,0
32334,1
32335,1
32336,1
32337,1
32338,0
32339,0
32340,0
32341,0
32342,1
32343,0
32344,1
32345,1
32346,0
32347,0
32348,0
32349,1
32350,0
32351,1
32352,0
32353,0
32354,0
32355,0
32356,0
32357,1
32358,1
32359,0
32360,0
32361,0
32362,1
32363,1
32364,1
32365,1
32366,1
32367,0
32368,0
32369,0
32370,1
32371,0
32372,0
32373,0
32374,0
32375,0
32376,1
32377,0
32378,0
32379,0
32380,1
32381,0
32382,0
32383,0
32384,0
32385,0
32386,1
32387,1
32388,0
32389,0
32390,0
32391,0
32392,1
32393,0
32394,1
32395,1
32396,0
32397,0
32398,0
32399,0
32400,0
32401,1
32402,0
32403,1
32404,0
32405,0
32406,0
32407,0
32408,0
32409,0
32410,1
32411,0
32412,0
32413,0
32414,1
32415,0
32416,1
32417,0
32418,0
32419,1
32420,0
32421,1
32422,1
32423,0
32424,1
32425,0
32426,0
32427,0
32428,1
32429,0
32430,0
32431,1
32432,0
32433,0
32434,1
32435,0
32436,0
32437,0
32438,0
32439,1
32440,0
32441,1
32442,0
32443,0
32444,0
32445,0
32446,1
32447,0
32448,0
32449,0
32450,1
32451,0
32452,1
32453,0
32454,0
32455,1
32456,0
32457,0
32458,1
32459,0
32460,0
32461,1
32462,0
32463,0
32464,0
32465,0
32466,1
32467,1
32468,0
32469,0
32470,0
32471,0
32472,0
32473,0
32474,0
32475,0
32476,0
32477,0
32478,0
32479,0
32480,0
32481,0
32482,0
32483,1
32484,0
32485,1
32486,0
32487,0
32488,0
32489,1
32490,0
32491,0
32492,1
32493,1
32494,0
32495,0
32496,1
32497,0
32498,0
32499,0
32500,1
32501,1
32502,1
32503,0
32504,0
32505,0
32506,0
32507,0
32508,0
32509,0
32510,0
32511,0
32512,0
32513,0
32514,1
32515,1
32516,0
32517,0
32518,0
32519,0
32520,0
32521,0
32522,1
32523,0
32524,0
32525,0
32526,1
32527,0
32528,1
32529,0
32530,0
32531,0
32532,0
32533,0
32534,1
32535,0
32536,0
32537,0
32538,0
32539,0
32540,0
32541,1
32542,0
32543,0
32544,1
32545,0
32546,0
32547,0
32548,0
32549,0
32550,0
32551,0
32552,0
32553,1
32554,0
32555,0
32556,1
32557,0
32558,1
32559,0
32560,0
32561,0
32562,0
32563,1
32564,0
32565,0
32566,0
32567,0
32568,1
32569,1
32570,0
32571,1
32572,0
32573,0
32574,1
32575,1
32576,0
32577,1
32578,0
32579,0
32580,0
32581,0
32582,0
32583,0
32584,0
32585,1
32586,0
32587,0
32588,0
32589,1
32590,0
32591,1
32592,0
32593,1
32594,0
32595,1
32596,0
32597,0
32598,1
32599,1
32600,1
32601,1
32602,1
32603,0
32604,0
32605,0
32606,1
32607,1
32608,0
32609,1
32610,1
32611,1
32612,0
32613,0
32614,0
32615,1
32616,0
32617,0
32618,0
32619,0
32620,0
32621,0
32622,1
32623,0
32624,0
32625,0
32626,1
32627,1
32628,1
32629,0
32630,0
32631,0
32632,0
32633,1
32634,1
32635,0
32636,0
32637,0
32638,0
32639,0
32640,0
32641,0
32642,1
32643,0
32644,0
32645,0
32646,0
32647,1
32648,0
32649,0
32650,0
32651,1
32652,1
32653,1
32654,0
32655,0
32656,0
32657,0
32658,0
32659,1
32660,1
32661,1
32662,0
32663,0
32664,0
32665,0
32666,0
32667,0
32668,1
32669,0
32670,0
32671,1
32672,1
32673,0
32674,1
32675,1
32676,0
32677,0
32678,1
32679,0
32680,0
32681,0
32682,0
32683,0
32684,0
32685,0
32686,0
32687,1
32688,0
32689,0
32690,1
32691,0
32692,1
32693,0
32694,0
32695,1
32696,1
32697,0
32698,0
32699,1
32700,0
32701,1
32702,0
32703,0
32704,0
32705,1
32706,0
32707,0
32708,0
32709,1
32710,1
32711,0
32712,0
32713,0
32714,0
32715,1
32716,0
32717,0
32718,0
32719,0
32720,0
32721,0
32722,1
32723,0
32724,0
32725,0
32726,0
32727,0
32728,0
32729,1
32730,0
32731,0
32732,1
32733,0
32734,0
32735,1
32736,1
32737,1
32738,1
32739,0
32740,0
32741,1
32742,0
32743,1
32744,0
32745,1
32746,1
32747,0
32748,1
32749,0
32750,0
32751,0
32752,0
32753,1
32754,0
32755,0
32756,0
32757,0
32758,0
32759,0
32760,1
32761,0
32762,0
32763,1
32764,0
32765,0
32766,0
32767,0
32768,1
32769,0
32770,0
32771,0
32772,1
32773,0
32774,0
32775,1
32776,1
32777,0
32778,0
32779,0
32780,1
32781,0
32782,0
32783,0
32784,0
32785,0
32786,1
32787,0
32788,0
32789,0
32790,0
32791,0
32792,0
32793,0
32794,0
32795,1
32796,0
32797,0
32798,0
32799,1
32800,0
32801,0
32802,0
32803,0
32804,0
32805,1
32806,1
32807,0
32808,0
32809,0
32810,0
32811,1
32812,0
32813,0
32814,0
32815,0
32816,0
32817,1
32818,0
32819,0
32820,0
32821,0
32822,0
32823,0
32824,1
32825,0
32826,0
32827,0
32828,1
32829,0
32830,0
32831,0
32832,1
32833,1
32834,1
32835,1
32836,0
32837,0
32838,0
32839,0
32840,0
32841,0
32842,0
32843,1
32844,1
32845,0
32846,0
32847,0
32848,0
32849,1
32850,0
32851,0
32852,1
32853,1
32854,0
32855,0
32856,0
32857,0
32858,1
32859,1
32860,0
32861,1
32862,0
32863,1
32864,0
32865,0
32866,0
32867,0
32868,0
32869,0
32870,0
32871,0
32872,0
32873,0
32874,1
32875,0
32876,0
32877,0
32878,0
32879,1
32880,0
32881,0
32882,0
32883,0
32884,0
32885,1
32886,0
32887,1
32888,0
32889,1
32890,1
32891,0
32892,0
32893,1
32894,0
32895,0
32896,0
32897,0
32898,0
32899,0
32900,0
32901,0
32902,1
32903,1
32904,1
32905,1
32906,1
32907,0
32908,1
32909,0
32910,0
32911,0
32912,0
32913,0
32914,0
32915,0
32916,0
32917,0
32918,1
32919,0
32920,0
32921,0
32922,0
32923,0
32924,0
32925,0
32926,1
32927,1
32928,1
32929,1
32930,0
32931,1
32932,1
32933,1
32934,0
32935,0
32936,0
32937,0
32938,0
32939,0
32940,0
32941,1
32942,0
32943,0
32944,0
32945,0
32946,0
32947,1
32948,0
32949,0
32950,1
32951,0
32952,0
32953,1
32954,0
32955,0
32956,0
32957,0
32958,0
32959,1
32960,1
32961,0
32962,0
32963,0
32964,0
32965,0
32966,0
32967,0
32968,0
32969,0
32970,0
32971,0
32972,1
32973,1
32974,0
32975,0
32976,0
32977,0
32978,0
32979,1
32980,0
32981,0
32982,0
32983,0
32984,0
32985,0
32986,0
32987,0
32988,0
32989,0
32990,0
32991,0
32992,1
32993,0
32994,0
32995,0
32996,1
32997,1
32998,0
32999,0
33000,1
33001,1
33002,0
33003,1
33004,0
33005,0
33006,0
33007,0
33008,1
33009,0
33010,0
33011,1
33012,0
33013,0
33014,0
33015,1
33016,1
33017,0
33018,0
33019,0
33020,0
33021,0
33022,0
33023,0
33024,0
33025,0
33026,0
33027,1
33028,0
33029,1
33030,1
33031,0
33032,0
33033,0
33034,0
33035,0
33036,1
33037,1
33038,0
33039,0
33040,1
33041,1
33042,0
33043,0
33044,0
33045,0
33046,0
33047,0
33048,0
33049,1
33050,0
33051,0
33052,0
33053,0
33054,0
33055,0
33056,0
33057,1
33058,0
33059,1
33060,0
33061,0
33062,0
33063,0
33064,0
33065,0
33066,1
33067,1
33068,0
33069,0
33070,1
33071,1
33072,0
33073,0
33074,0
33075,0
33076,1
33077,0
33078,0
33079,1
33080,0
33081,0
33082,0
33083,1
33084,0
33085,0
33086,1
33087,1
33088,0
33089,0
33090,0
33091,0
33092,0
33093,0
33094,1
33095,1
33096,1
33097,0
33098,1
33099,0
33100,0
33101,0
33102,1
33103,0
33104,0
33105,0
33106,1
33107,0
33108,0
33109,0
33110,0
33111,0
33112,0
33113,0
33114,0
33115,0
33116,0
33117,1
33118,0
33119,1
33120,0
33121,0
33122,0
33123,0
33124,0
33125,0
33126,0
33127,1
33128,1
33129,1
33130,1
33131,0
33132,0
33133,0
33134,1
33135,0
33136,0
33137,1
33138,0
33139,0
33140,1
33141,0
33142,0
33143,0
33144,0
33145,1
33146,1
33147,0
33148,0
33149,0
33150,0
33151,1
33152,1
33153,0
33154,1
33155,1
33156,1
33157,0
33158,1
33159,0
33160,0
33161,1
33162,1
33163,0
33164,0
33165,1
33166,1
33167,1
33168,0
33169,0
33170,0
33171,0
33172,1
33173,0
33174,1
33175,1
33176,1
33177,1
33178,1
33179,0
33180,0
33181,0
33182,0
33183,1
33184,0
33185,0
33186,0
33187,0
33188,1
33189,1
33190,0
33191,0
33192,0
33193,0
33194,0
33195,0
33196,0
33197,0
33198,0
33199,1
33200,0
33201,0
33202,0
33203,0
33204,0
33205,0
33206,0
33207,0
33208,0
33209,0
33210,0
33211,0
33212,0
33213,0
33214,0
33215,0
33216,1
33217,1
33218,0
33219,0
33220,0
33221,1
33222,1
33223,0
33224,0
33225,1
33226,1
33227,0
33228,0
33229,0
33230,1
33231,0
33232,1
33233,0
33234,0
33235,1
33236,0
33237,0
33238,0
33239,0
33240,0
33241,0
33242,0
33243,0
33244,0
33245,0
33246,1
33247,0
33248,0
33249,1
33250,0
33251,0
33252,1
33253,1
33254,1
33255,0
33256,0
33257,1
33258,0
33259,1
33260,0
33261,0
33262,0
33263,0
33264,0
33265,0
33266,0
33267,0
33268,0
33269,0
33270,0
33271,1
33272,1
33273,0
33274,0
33275,1
33276,0
33277,0
33278,0
33279,1
33280,1
33281,0
33282,1
33283,1
33284,0
33285,0
33286,0
33287,1
33288,0
33289,0
33290,1
33291,1
33292,0
33293,0
33294,0
33295,0
33296,0
33297,0
33298,0
33299,0
33300,0
33301,0
33302,0
33303,0
33304,0
33305,0
33306,0
33307,1
33308,1
33309,0
33310,0
33311,1
33312,0
33313,0
33314,0
33315,1
33316,0
33317,0
33318,0
33319,1
33320,0
33321,0
33322,0
33323,0
33324,1
33325,1
33326,0
33327,0
33328,0
33329,1
33330,0
33331,1
33332,0
33333,0
33334,1
33335,0
33336,0
33337,0
33338,0
33339,0
33340,0
33341,1
33342,0
33343,1
33344,0
33345,0
33346,0
33347,0
33348,0
33349,1
33350,0
33351,0
33352,0
33353,0
33354,0
33355,0
33356,0
33357,1
33358,0
33359,0
33360,0
33361,0
33362,0
33363,1
33364,0
33365,1
33366,0
33367,0
33368,0
33369,0
33370,1
33371,0
33372,0
33373,0
33374,0
33375,0
33376,0
33377,1
33378,0
33379,0
33380,0
33381,0
33382,0
33383,1
33384,1
33385,1
33386,0
33387,0
33388,1
33389,0
33390,1
33391,0
33392,1
33393,1
33394,0
33395,0
33396,0
33397,0
33398,1
33399,0
33400,1
33401,0
33402,0
33403,0
33404,0
33405,0
33406,1
33407,0
33408,0
33409,0
33410,0
33411,1
33412,0
33413,0
33414,1
33415,0
33416,1
33417,0
33418,0
33419,0
33420,0
33421,0
33422,0
33423,0
33424,1
33425,0
33426,0
33427,0
33428,1
33429,0
33430,1
33431,1
33432,1
33433,0
33434,1
33435,0
33436,0
33437,1
33438,0
33439,0
33440,0
33441,0
33442,0
33443,1
33444,1
33445,1
33446,0
33447,0
33448,0
33449,0
33450,0
33451,1
33452,1
33453,1
33454,0
33455,0
33456,0
33457,1
33458,0
33459,0
33460,0
33461,0
33462,0
33463,1
33464,1
33465,0
33466,0
33467,1
33468,1
33469,0
33470,0
33471,0
33472,0
33473,0
33474,0
33475,1
33476,1
33477,1
33478,1
33479,0
33480,0
33481,0
33482,0
33483,1
33484,0
33485,0
33486,1
33487,1
33488,1
33489,1
33490,0
33491,0
33492,1
33493,0
33494,1
33495,0
33496,0
33497,0
33498,0
33499,0
33500,1
33501,0
33502,0
33503,1
33504,0
33505,0
33506,0
33507,0
33508,0
33509,0
33510,0
33511,0
33512,0
33513,0
33514,0
33515,0
33516,0
33517,0
33518,1
33519,0
33520,0
33521,0
33522,0
33523,1
33524,0
33525,0
33526,0
33527,0
33528,0
33529,1
33530,1
33531,0
33532,0
33533,0
33534,0
33535,1
33536,0
33537,1
33538,0
33539,0
33540,0
33541,1
33542,0
33543,1
33544,0
33545,0
33546,0
33547,0
33548,0
33549,1
33550,0
33551,0
33552,0
33553,0
33554,1
33555,0
33556,0
33557,0
33558,1
33559,0
33560,1
33561,1
33562,0
33563,0
33564,1
33565,0
33566,1
33567,1
33568,0
33569,1
33570,0
33571,0
33572,0
33573,0
33574,0
33575,1
33576,1
33577,0
33578,1
33579,0
33580,1
33581,1
33582,0
33583,0
33584,0
33585,0
33586,0
33587,1
33588,1
33589,1
33590,0
33591,1
33592,0
33593,0
33594,0
33595,0
33596,0
33597,1
33598,0
33599,0
33600,0
33601,0
33602,0
33603,1
33604,0
33605,0
33606,0
33607,1
33608,0
33609,1
33610,0
33611,0
33612,1
33613,1
33614,0
33615,0
33616,0
33617,0
33618,1
33619,0
33620,0
33621,0
33622,0
33623,0
33624,1
33625,0
33626,0
33627,1
33628,0
33629,0
33630,1
33631,0
33632,0
33633,0
33634,0
33635,1
33636,0
33637,0
33638,0
33639,0
33640,0
33641,0
33642,0
33643,0
33644,1
33645,0
33646,1
33647,1
33648,0
33649,0
33650,0
33651,1
33652,0
33653,0
33654,0
33655,1
33656,0
33657,1
33658,1
33659,1
33660,0
33661,1
33662,0
33663,0
33664,1
33665,0
33666,1
33667,0
33668,1
33669,1
33670,0
33671,0
33672,1
33673,1
33674,0
33675,0
33676,0
33677,0
33678,1
33679,0
33680,1
33681,0
33682,0
33683,1
33684,1
33685,1
33686,0
33687,1
33688,1
33689,1
33690,0
33691,1
33692,0
33693,1
33694,1
33695,1
33696,0
33697,0
33698,0
33699,0
33700,0
33701,0
33702,1
33703,0
33704,0
33705,0
33706,0
33707,0
33708,1
33709,0
33710,1
33711,0
33712,0
33713,0
33714,0
33715,0
33716,0
33717,1
33718,1
33719,1
33720,0
33721,1
33722,1
33723,1
33724,0
33725,1
33726,1
33727,0
33728,0
33729,1
33730,0
33731,0
33732,0
33733,0
33734,0
33735,0
33736,0
33737,0
33738,1
33739,1
33740,0
33741,0
33742,0
33743,0
33744,1
33745,0
33746,1
33747,1
33748,0
33749,0
33750,0
33751,0
33752,0
33753,0
33754,0
33755,1
33756,0
33757,0
33758,0
33759,0
33760,0
33761,1
33762,0
33763,1
33764,1
33765,0
33766,0
33767,0
33768,0
33769,0
33770,0
33771,0
33772,0
33773,0
33774,1
33775,1
33776,1
33777,0
33778,0
33779,0
33780,0
33781,1
33782,0
33783,1
33784,0
33785,0
33786,0
33787,1
33788,0
33789,0
33790,0
33791,0
33792,1
33793,0
33794,0
33795,0
33796,0
33797,0
33798,1
33799,0
33800,0
33801,1
33802,0
33803,0
33804,0
33805,0
33806,0
33807,1
33808,0
33809,0
33810,0
33811,1
33812,0
33813,0
33814,0
33815,0
33816,0
33817,0
33818,0
33819,0
33820,1
33821,0
33822,0
33823,0
33824,0
33825,0
33826,0
33827,0
33828,0
33829,0
33830,0
33831,0
33832,0
33833,0
33834,0
33835,0
33836,1
33837,0
33838,0
33839,0
33840,1
33841,0
33842,1
33843,0
33844,0
33845,0
33846,0
33847,0
33848,0
33849,0
33850,0
33851,0
33852,0
33853,0
33854,1
33855,0
33856,0
33857,0
33858,0
33859,1
33860,1
33861,1
33862,0
33863,0
33864,0
33865,0
33866,0
33867,0
33868,0
33869,1
33870,0
33871,0
33872,0
33873,1
33874,0
33875,0
33876,0
33877,0
33878,0
33879,0
33880,0
33881,1
33882,0
33883,1
33884,0
33885,0
33886,0
33887,0
33888,0
33889,0
33890,1
33891,0
33892,0
33893,0
33894,0
33895,1
33896,0
33897,0
33898,0
33899,0
33900,0
33901,1
33902,0
33903,0
33904,0
33905,0
33906,0
33907,0
33908,0
33909,0
33910,1
33911,1
33912,1
33913,1
33914,0
33915,0
33916,0
33917,0
33918,0
33919,0
33920,0
33921,1
33922,1
33923,0
33924,0
33925,1
33926,0
33927,0
33928,1
33929,0
33930,0
33931,0
33932,0
33933,0
33934,1
33935,0
33936,1
33937,1
33938,0
33939,0
33940,0
33941,0
33942,0
33943,0
33944,0
33945,1
33946,1
33947,0
33948,0
33949,0
33950,0
33951,0
33952,0
33953,0
33954,0
33955,0
33956,1
33957,0
33958,1
33959,0
33960,0
33961,0
33962,0
33963,0
33964,0
33965,0
33966,0
33967,0
33968,1
33969,0
33970,0
33971,0
33972,1
33973,0
33974,1
33975,0
33976,0
33977,0
33978,1
33979,0
33980,1
33981,0
33982,1
33983,0
33984,1
33985,0
33986,0
33987,0
33988,0
33989,0
33990,1
33991,0
33992,0
33993,1
33994,0
33995,0
33996,1
33997,0
33998,0
33999,1
34000,1
34001,0
34002,1
34003,0
34004,0
34005,1
34006,1
34007,0
34008,0
34009,0
34010,1
34011,1
34012,0
34013,0
34014,0
34015,0
34016,0
34017,0
34018,0
34019,1
34020,0
34021,0
34022,1
34023,0
34024,1
34025,0
34026,0
34027,1
34028,0
34029,0
34030,0
34031,1
34032,0
34033,1
34034,0
34035,1
34036,0
34037,1
34038,0
34039,0
34040,1
34041,1
34042,0
34043,0
34044,0
34045,0
34046,0
34047,1
34048,0
34049,1
34050,0
34051,0
34052,0
34053,0
34054,0
34055,0
34056,1
34057,0
34058,0
34059,0
34060,0
34061,0
34062,0
34063,0
34064,0
34065,0
34066,1
34067,0
34068,1
34069,0
34070,0
34071,0
34072,0
34073,1
34074,0
34075,1
34076,1
34077,0
34078,1
34079,0
34080,1
34081,0
34082,0
34083,0
34084,1
34085,0
34086,0
34087,0
34088,1
34089,0
34090,0
34091,0
34092,1
34093,0
34094,0
34095,1
34096,0
34097,1
34098,0
34099,1
34100,0
34101,1
34102,1
34103,0
34104,1
34105,0
34106,0
34107,0
34108,1
34109,0
34110,0
34111,0
34112,0
34113,0
34114,0
34115,0
34116,0
34117,0
34118,1
34119,1
34120,0
34121,0
34122,1
34123,0
34124,1
34125,1
34126,0
34127,0
34128,0
34129,1
34130,0
34131,0
34132,1
34133,0
34134,1
34135,0
34136,0
34137,0
34138,0
34139,1
34140,0
34141,0
34142,0
34143,0
34144,0
34145,1
34146,0
34147,0
34148,0
34149,0
34150,0
34151,1
34152,1
34153,1
34154,0
34155,0
34156,0
34157,1
34158,1
34159,0
34160,0
34161,0
34162,1
34163,0
34164,1
34165,0
34166,0
34167,1
34168,1
34169,1
34170,0
34171,0
34172,0
34173,1
34174,0
34175,0
34176,0
34177,0
34178,0
34179,1
34180,0
34181,0
34182,1
34183,1
34184,0
34185,0
34186,1
34187,0
34188,0
34189,1
34190,0
34191,1
34192,0
34193,0
34194,0
34195,0
34196,0
34197,0
34198,1
34199,1
34200,1
34201,0
34202,0
34203,1
34204,0
34205,1
34206,0
34207,0
34208,1
34209,0
34210,0
34211,0
34212,0
34213,1
34214,0
34215,0
34216,0
34217,1
34218,0
34219,0
34220,0
34221,0
34222,0
34223,1
34224,0
34225,0
34226,0
34227,1
34228,1
34229,0
34230,1
34231,0
34232,0
34233,0
34234,1
34235,0
34236,0
34237,0
34238,0
34239,0
34240,0
34241,0
34242,0
34243,0
34244,0
34245,0
34246,0
34247,0
34248,0
34249,0
34250,0
34251,0
34252,0
34253,0
34254,0
34255,1
34256,0
34257,0
34258,1
34259,1
34260,0
34261,1
34262,1
34263,0
34264,0
34265,0
34266,1
34267,1
34268,0
34269,0
34270,0
34271,0
34272,0
34273,1
34274,1
34275,0
34276,0
34277,0
34278,0
34279,0
34280,1
34281,1
34282,1
34283,1
34284,0
34285,0
34286,0
34287,1
34288,0
34289,0
34290,0
34291,0
34292,1
34293,0
34294,1
34295,0
34296,0
34297,1
34298,0
34299,1
34300,0
34301,0
34302,1
34303,0
34304,0
34305,0
34306,0
34307,0
34308,0
34309,1
34310,0
34311,1
34312,0
34313,0
34314,1
34315,1
34316,1
34317,0
34318,0
34319,0
34320,0
34321,0
34322,0
34323,0
34324,1
34325,0
34326,0
34327,0
34328,1
34329,0
34330,1
34331,0
34332,0
34333,0
34334,0
34335,1
34336,1
34337,0
34338,1
34339,0
34340,0
34341,0
34342,0
34343,0
34344,0
34345,0
34346,0
34347,0
34348,0
34349,0
34350,0
34351,0
34352,0
34353,0
34354,0
34355,1
34356,0
34357,0
34358,0
34359,0
34360,1
34361,0
34362,1
34363,0
34364,1
34365,0
34366,0
34367,0
34368,0
34369,0
34370,0
34371,1
34372,0
34373,0
34374,0
34375,0
34376,1
34377,1
34378,0
34379,0
34380,0
34381,1
34382,0
34383,0
34384,0
34385,1
34386,0
34387,0
34388,1
34389,0
34390,1
34391,0
34392,0
34393,1
34394,0
34395,0
34396,1
34397,0
34398,0
34399,0
34400,1
34401,0
34402,0
34403,0
34404,0
34405,0
34406,0
34407,0
34408,0
34409,1
34410,1
34411,1
34412,1
34413,0
34414,0
34415,0
34416,0
34417,0
34418,0
34419,1
34420,1
34421,0
34422,1
34423,0
34424,0
34425,1
34426,1
34427,0
34428,0
34429,1
34430,0
34431,0
34432,0
34433,0
34434,1
34435,0
34436,0
34437,0
34438,0
34439,0
34440,0
34441,0
34442,0
34443,0
34444,0
34445,0
34446,1
34447,1
34448,0
34449,0
34450,0
34451,0
34452,0
34453,1
34454,1
34455,1
34456,0
34457,0
34458,0
34459,0
34460,1
34461,0
34462,1
34463,0
34464,0
34465,0
34466,0
34467,0
34468,0
34469,0
34470,1
34471,0
34472,1
34473,0
34474,0
34475,0
34476,0
34477,0
34478,0
34479,0
34480,0
34481,0
34482,1
34483,0
34484,1
34485,0
34486,0
34487,0
34488,1
34489,0
34490,0
34491,0
34492,1
34493,1
34494,0
34495,1
34496,1
34497,0
34498,0
34499,0
34500,0
34501,0
34502,1
34503,1
34504,0
34505,0
34506,0
34507,0
34508,0
34509,0
34510,1
34511,1
34512,0
34513,1
34514,1
34515,1
34516,1
34517,0
34518,1
34519,0
34520,0
34521,1
34522,0
34523,0
34524,0
34525,0
34526,0
34527,1
34528,1
34529,0
34530,0
34531,0
34532,0
34533,1
34534,0
34535,1
34536,1
34537,1
34538,0
34539,1
34540,0
34541,0
34542,1
34543,1
34544,1
34545,0
34546,0
34547,1
34548,0
34549,0
34550,1
34551,0
34552,0
34553,0
34554,0
34555,0
34556,1
34557,0
34558,0
34559,0
34560,0
34561,1
34562,0
34563,0
34564,0
34565,0
34566,0
34567,0
34568,0
34569,0
34570,0
34571,0
34572,1
34573,1
34574,0
34575,0
34576,0
34577,0
34578,1
34579,1
34580,0
34581,0
34582,0
34583,0
34584,1
34585,0
34586,1
34587,1
34588,0
34589,0
34590,0
34591,1
34592,0
34593,0
34594,0
34595,0
34596,0
34597,0
34598,0
34599,0
34600,0
34601,0
34602,0
34603,0
34604,0
34605,0
34606,0
34607,0
34608,1
34609,1
34610,0
34611,1
34612,0
34613,0
34614,1
34615,0
34616,0
34617,0
34618,1
34619,0
34620,0
34621,1
34622,0
34623,0
34624,0
34625,1
34626,0
34627,1
34628,0
34629,1
34630,1
34631,1
34632,1
34633,0
34634,0
34635,0
34636,0
34637,1
34638,0
34639,0
34640,0
34641,0
34642,0
34643,0
34644,0
34645,0
34646,0
34647,1
34648,0
34649,1
34650,0
34651,0
34652,0
34653,1
34654,0
34655,0
34656,0
34657,0
34658,0
34659,0
34660,1
34661,0
34662,0
34663,1
34664,1
34665,1
34666,1
34667,0
34668,0
34669,1
34670,0
34671,1
34672,0
34673,0
34674,1
34675,1
34676,0
34677,0
34678,1
34679,0
34680,0
34681,0
34682,0
34683,0
34684,1
34685,0
34686,0
34687,0
34688,0
34689,1
34690,0
34691,0
34692,0
34693,0
34694,0
34695,0
34696,1
34697,1
34698,0
34699,1
34700,0
34701,1
34702,1
34703,0
34704,0
34705,1
34706,0
34707,0
34708,1
34709,0
34710,0
34711,0
34712,1
34713,0
34714,0
34715,1
34716,0
34717,0
34718,0
34719,0
34720,1
34721,0
34722,1
34723,1
34724,1
34725,0
34726,0
34727,0
34728,0
34729,0
34730,0
34731,1
34732,0
34733,1
34734,0
34735,0
34736,0
34737,0
34738,1
34739,0
34740,1
34741,0
34742,1
34743,0
34744,0
34745,0
34746,1
34747,1
34748,0
34749,0
34750,0
34751,1
34752,1
34753,0
34754,0
34755,0
34756,0
34757,0
34758,0
34759,0
34760,0
34761,1
34762,0
34763,0
34764,0
34765,0
34766,0
34767,0
34768,0
34769,1
34770,1
34771,0
34772,0
34773,0
34774,0
34775,0
34776,0
34777,1
34778,1
34779,0
34780,1
34781,1
34782,1
34783,0
34784,0
34785,1
34786,1
34787,0
34788,0
34789,0
34790,1
34791,1
34792,1
34793,0
34794,0
34795,0
34796,0
34797,0
34798,0
34799,1
34800,0
34801,0
34802,0
34803,0
34804,0
34805,1
34806,0
34807,0
34808,0
34809,1
34810,0
34811,0
34812,1
34813,0
34814,0
34815,1
34816,0
34817,0
34818,0
34819,0
34820,0
34821,0
34822,0
34823,0
34824,0
34825,1
34826,0
34827,1
34828,0
34829,1
34830,1
34831,1
34832,0
34833,1
34834,0
34835,1
34836,1
34837,0
34838,0
34839,1
34840,0
34841,0
34842,1
34843,1
34844,0
34845,0
34846,1
34847,0
34848,1
34849,0
34850,0
34851,0
34852,0
34853,0
34854,0
34855,1
34856,1
34857,0
34858,0
34859,0
34860,0
34861,1
34862,0
34863,1
34864,1
34865,1
34866,0
34867,1
34868,0
34869,1
34870,1
34871,0
34872,0
34873,0
34874,0
34875,0
34876,0
34877,0
34878,1
34879,0
34880,0
34881,0
34882,0
34883,0
34884,1
34885,1
34886,0
34887,0
34888,0
34889,0
34890,0
34891,0
34892,0
34893,1
34894,1
34895,1
34896,1
34897,0
34898,0
34899,0
34900,0
34901,0
34902,1
34903,1
34904,1
34905,0
34906,1
34907,0
34908,0
34909,0
34910,0
34911,0
34912,1
34913,0
34914,0
34915,0
34916,1
34917,0
34918,0
34919,1
34920,0
34921,1
34922,1
34923,0
34924,0
34925,1
34926,0
34927,0
34928,0
34929,1
34930,0
34931,0
34932,1
34933,0
34934,1
34935,0
34936,1
34937,1
34938,0
34939,0
34940,1
34941,0
34942,0
34943,0
34944,0
34945,0
34946,1
34947,0
34948,0
34949,0
34950,0
34951,1
34952,0
34953,0
34954,0
34955,1
34956,0
34957,0
34958,0
34959,0
34960,0
34961,0
34962,1
34963,0
34964,0
34965,1
34966,1
34967,1
34968,1
34969,0
34970,0
34971,0
34972,0
34973,0
34974,0
34975,1
34976,0
34977,1
34978,0
34979,0
34980,0
34981,0
34982,1
34983,1
34984,0
34985,1
34986,0
34987,0
34988,0
34989,1
34990,0
34991,1
34992,1
34993,0
34994,0
34995,1
34996,0
34997,0
34998,0
34999,1
35000,0
35001,0
35002,1
35003,1
35004,0
35005,0
35006,0
35007,0
35008,0
35009,0
35010,0
35011,1
35012,1
35013,0
35014,1
35015,0
35016,0
35017,0
35018,0
35019,1
35020,0
35021,0
35022,0
35023,0
35024,1
35025,0
35026,0
35027,0
35028,0
35029,0
35030,0
35031,0
35032,0
35033,1
35034,0
35035,1
35036,1
35037,0
35038,0
35039,0
35040,0
35041,1
35042,1
35043,1
35044,0
35045,0
35046,1
35047,0
35048,0
35049,0
35050,1
35051,0
35052,0
35053,0
35054,0
35055,0
35056,0
35057,0
35058,0
35059,0
35060,0
35061,1
35062,1
35063,0
35064,0
35065,1
35066,0
35067,0
35068,0
35069,0
35070,0
35071,1
35072,0
35073,0
35074,1
35075,1
35076,0
35077,0
35078,0
35079,1
35080,0
35081,0
35082,0
35083,0
35084,0
35085,0
35086,1
35087,0
35088,1
35089,0
35090,1
35091,1
35092,0
35093,1
35094,1
35095,1
35096,0
35097,0
35098,0
35099,0
35100,1
35101,0
35102,0
35103,0
35104,0
35105,0
35106,1
35107,0
35108,0
35109,0
35110,0
35111,0
35112,1
35113,1
35114,0
35115,0
35116,0
35117,1
35118,1
35119,0
35120,0
35121,0
35122,0
35123,0
35124,0
35125,0
35126,0
35127,1
35128,0
35129,0
35130,1
35131,1
35132,0
35133,0
35134,1
35135,0
35136,1
35137,0
35138,0
35139,0
35140,0
35141,1
35142,0
35143,0
35144,0
35145,1
35146,1
35147,1
35148,0
35149,0
35150,0
35151,1
35152,0
35153,1
35154,0
35155,0
35156,0
35157,0
35158,0
35159,1
35160,0
35161,0
35162,0
35163,1
35164,0
35165,0
35166,0
35167,0
35168,0
35169,1
35170,0
35171,0
35172,0
35173,0
35174,0
35175,0
35176,1
35177,1
35178,0
35179,0
35180,0
35181,0
35182,0
35183,1
35184,0
35185,1
35186,0
35187,0
35188,0
35189,1
35190,0
35191,1
35192,1
35193,1
35194,0
35195,1
35196,0
35197,0
35198,0
35199,0
35200,1
35201,0
35202,0
35203,0
35204,0
35205,0
35206,0
35207,0
35208,1
35209,0
35210,0
35211,0
35212,0
35213,0
35214,0
35215,0
35216,0
35217,0
35218,0
35219,1
35220,0
35221,0
35222,0
35223,0
35224,0
35225,1
35226,0
35227,1
35228,0
35229,0
35230,0
35231,0
35232,1
35233,1
35234,0
35235,1
35236,0
35237,0
35238,0
35239,1
35240,1
35241,0
35242,0
35243,0
35244,1
35245,1
35246,1
35247,0
35248,0
35249,1
35250,1
35251,0
35252,0
35253,1
35254,0
35255,0
35256,0
35257,0
35258,0
35259,0
35260,1
35261,0
35262,0
35263,0
35264,0
35265,0
35266,1
35267,0
35268,0
35269,0
35270,0
35271,0
35272,0
35273,0
35274,1
35275,0
35276,0
35277,0
35278,0
35279,0
35280,0
35281,0
35282,0
35283,0
35284,0
35285,0
35286,1
35287,0
35288,1
35289,1
35290,0
35291,0
35292,0
35293,0
35294,0
35295,1
35296,0
35297,0
35298,1
35299,1
35300,1
35301,0
35302,0
35303,0
35304,0
35305,0
35306,0
35307,0
35308,1
35309,0
35310,0
35311,0
35312,0
35313,1
35314,1
35315,1
35316,0
35317,0
35318,0
35319,1
35320,0
35321,1
35322,1
35323,1
35324,0
35325,0
35326,0
35327,0
35328,1
35329,1
35330,0
35331,0
35332,1
35333,0
35334,0
35335,0
35336,0
35337,0
35338,1
35339,0
35340,0
35341,1
35342,0
35343,0
35344,0
35345,0
35346,0
35347,1
35348,0
35349,0
35350,0
35351,0
35352,0
35353,1
35354,1
35355,0
35356,1
35357,0
35358,1
35359,1
35360,0
35361,0
35362,0
35363,0
35364,0
35365,0
35366,1
35367,1
35368,0
35369,1
35370,0
35371,1
35372,1
35373,0
35374,0
35375,0
35376,1
35377,0
35378,0
35379,0
35380,1
35381,0
35382,0
35383,0
35384,0
35385,0
35386,1
35387,0
35388,0
35389,0
35390,0
35391,0
35392,1
35393,1
35394,1
35395,0
35396,0
35397,0
35398,0
35399,1
35400,1
35401,0
35402,0
35403,0
35404,1
35405,0
35406,1
35407,0
35408,1
35409,0
35410,0
35411,1
35412,0
35413,0
35414,1
35415,0
35416,0
35417,0
35418,1
35419,0
35420,0
35421,1
35422,0
35423,0
35424,0
35425,0
35426,0
35427,0
35428,0
35429,0
35430,1
35431,1
35432,0
35433,1
35434,0
35435,0
35436,0
35437,0
35438,0
35439,0
35440,0
35441,1
35442,0
35443,0
35444,0
35445,1
35446,0
35447,1
35448,0
35449,0
35450,1
35451,1
35452,0
35453,0
35454,0
35455,0
35456,1
35457,0
35458,0
35459,0
35460,1
35461,1
35462,1
35463,1
35464,0
35465,0
35466,0
35467,0
35468,1
35469,0
35470,0
35471,1
35472,1
35473,0
35474,0
35475,0
35476,0
35477,1
35478,0
35479,1
35480,0
35481,1
35482,1
35483,0
35484,0
35485,1
35486,0
35487,0
35488,0
35489,0
35490,0
35491,0
35492,0
35493,0
35494,1
35495,1
35496,0
35497,0
35498,0
35499,0
35500,0
35501,1
35502,0
35503,0
35504,0
35505,0
35506,1
35507,0
35508,0
35509,0
35510,0
35511,0
35512,0
35513,0
35514,0
35515,0
35516,0
35517,1
35518,1
35519,0
35520,0
35521,0
35522,1
35523,1
35524,0
35525,1
35526,1
35527,1
35528,0
35529,0
35530,0
35531,0
35532,0
35533,0
35534,1
35535,1
35536,1
35537,0
35538,1
35539,0
35540,0
35541,1
35542,0
35543,0
35544,0
35545,1
35546,0
35547,1
35548,0
35549,0
35550,0
35551,1
35552,0
35553,0
35554,0
35555,0
35556,0
35557,1
35558,1
35559,0
35560,0
35561,1
35562,1
35563,1
35564,0
35565,1
35566,0
35567,1
35568,1
35569,0
35570,0
35571,1
35572,1
35573,0
35574,0
35575,1
35576,0
35577,0
35578,0
35579,1
35580,1
35581,1
35582,0
35583,0
35584,1
35585,0
35586,0
35587,1
35588,0
35589,0
35590,0
35591,0
35592,0
35593,1
35594,1
35595,0
35596,0
35597,0
35598,0
35599,0
35600,1
35601,0
35602,0
35603,0
35604,0
35605,1
35606,0
35607,0
35608,0
35609,0
35610,1
35611,0
35612,0
35613,0
35614,1
35615,1
35616,0
35617,0
35618,0
35619,0
35620,0
35621,0
35622,0
35623,1
35624,0
35625,0
35626,0
35627,0
35628,0
35629,0
35630,1
35631,0
35632,0
35633,0
35634,1
35635,0
35636,0
35637,1
35638,0
35639,0
35640,0
35641,1
35642,0
35643,0
35644,0
35645,1
35646,0
35647,0
35648,0
35649,0
35650,0
35651,1
35652,0
35653,1
35654,1
35655,0
35656,1
35657,1
35658,0
35659,1
35660,1
35661,1
35662,0
35663,0
35664,0
35665,0
35666,1
35667,0
35668,0
35669,1
35670,0
35671,0
35672,1
35673,0
35674,1
35675,1
35676,0
35677,0
35678,0
35679,0
35680,1
35681,0
35682,1
35683,0
35684,1
35685,0
35686,1
35687,0
35688,0
35689,0
35690,0
35691,0
35692,0
35693,0
35694,1
35695,1
35696,0
35697,1
35698,1
35699,0
35700,0
35701,0
35702,1
35703,0
35704,0
35705,0
35706,0
35707,1
35708,1
35709,0
35710,1
35711,0
35712,0
35713,1
35714,1
35715,1
35716,0
35717,1
35718,0
35719,0
35720,1
35721,0
35722,0
35723,0
35724,0
35725,0
35726,0
35727,0
35728,0
35729,0
35730,0
35731,1
35732,0
35733,0
35734,1
35735,0
35736,0
35737,0
35738,0
35739,1
35740,0
35741,0
35742,0
35743,1
35744,0
35745,0
35746,1
35747,0
35748,0
35749,0
35750,1
35751,0
35752,0
35753,0
35754,0
35755,0
35756,0
35757,0
35758,1
35759,0
35760,0
35761,0
35762,1
35763,0
35764,1
35765,0
35766,1
35767,1
35768,0
35769,0
35770,0
35771,1
35772,1
35773,0
35774,1
35775,1
35776,0
35777,0
35778,0
35779,0
35780,0
35781,1
35782,0
35783,0
35784,0
35785,1
35786,1
35787,1
35788,0
35789,0
35790,0
35791,0
35792,1
35793,0
35794,0
35795,0
35796,0
35797,0
35798,0
35799,0
35800,1
35801,0
35802,0
35803,1
35804,0
35805,1
35806,0
35807,1
35808,0
35809,1
35810,1
35811,1
35812,0
35813,0
35814,1
35815,0
35816,0
35817,0
35818,0
35819,0
35820,1
35821,0
35822,0
35823,0
35824,0
35825,1
35826,0
35827,0
35828,1
35829,1
35830,1
35831,1
35832,0
35833,0
35834,1
35835,0
35836,0
35837,1
35838,1
35839,0
35840,1
35841,0
35842,0
35843,1
35844,0
35845,1
35846,0
35847,0
35848,0
35849,1
35850,0
35851,0
35852,0
35853,0
35854,1
35855,0
35856,0
35857,1
35858,0
35859,0
35860,0
35861,0
35862,1
35863,1
35864,0
35865,0
35866,0
35867,0
35868,0
35869,0
35870,0
35871,0
35872,1
35873,0
35874,1
35875,0
35876,1
35877,0
35878,0
35879,0
35880,1
35881,0
35882,0
35883,1
35884,1
35885,0
35886,0
35887,0
35888,1
35889,1
35890,0
35891,1
35892,0
35893,0
35894,0
35895,0
35896,0
35897,1
35898,1
35899,0
35900,0
35901,1
35902,1
35903,0
35904,1
35905,1
35906,0
35907,0
35908,1
35909,0
35910,0
35911,1
35912,1
35913,0
35914,1
35915,0
35916,1
35917,0
35918,0
35919,0
35920,0
35921,0
35922,1
35923,0
35924,1
35925,0
35926,1
35927,0
35928,0
35929,0
35930,1
35931,0
35932,0
35933,1
35934,0
35935,1
35936,0
35937,0
35938,0
35939,0
35940,0
35941,0
35942,1
35943,0
35944,1
35945,0
35946,0
35947,0
35948,0
35949,0
35950,1
35951,1
35952,0
35953,1
35954,1
35955,0
35956,0
35957,0
35958,1
35959,0
35960,0
35961,0
35962,0
35963,0
35964,0
35965,0
35966,0
35967,0
35968,0
35969,1
35970,0
35971,1
35972,0
35973,1
35974,0
35975,0
35976,0
35977,0
35978,1
35979,0
35980,1
35981,0
35982,0
35983,0
35984,1
35985,1
35986,1
35987,1
35988,1
35989,0
35990,0
35991,0
35992,0
35993,1
35994,0
35995,0
35996,0
35997,0
35998,1
35999,0
36000,0
36001,0
36002,1
36003,0
36004,0
36005,0
36006,1
36007,0
36008,0
36009,0
36010,1
36011,0
36012,1
36013,0
36014,0
36015,1
36016,0
36017,0
36018,0
36019,0
36020,0
36021,0
36022,0
36023,0
36024,1
36025,1
36026,1
36027,0
36028,0
36029,1
36030,1
36031,0
36032,1
36033,0
36034,0
36035,1
36036,0
36037,0
36038,1
36039,0
36040,0
36041,1
36042,1
36043,0
36044,0
36045,0
36046,1
36047,0
36048,0
36049,0
36050,0
36051,1
36052,1
36053,0
36054,0
36055,0
36056,0
36057,0
36058,0
36059,1
36060,0
36061,1
36062,0
36063,1
36064,0
36065,1
36066,0
36067,1
36068,1
36069,0
36070,1
36071,0
36072,0
36073,1
36074,0
36075,1
36076,0
36077,1
36078,1
36079,0
36080,0
36081,0
36082,1
36083,1
36084,0
36085,1
36086,0
36087,0
36088,1
36089,1
36090,0
36091,0
36092,1
36093,0
36094,0
36095,0
36096,1
36097,0
36098,0
36099,0
36100,0
36101,0
36102,0
36103,0
36104,0
36105,1
36106,0
36107,0
36108,1
36109,1
36110,0
36111,0
36112,1
36113,1
36114,0
36115,1
36116,0
36117,1
36118,0
36119,0
36120,0
36121,0
36122,1
36123,0
36124,0
36125,1
36126,0
36127,0
36128,0
36129,0
36130,0
36131,0
36132,1
36133,0
36134,0
36135,0
36136,0
36137,1
36138,0
36139,0
36140,0
36141,0
36142,1
36143,1
36144,0
36145,0
36146,0
36147,0
36148,0
36149,1
36150,0
36151,0
36152,0
36153,0
36154,0
36155,1
36156,0
36157,0
36158,0
36159,0
36160,0
36161,0
36162,1
36163,0
36164,1
36165,0
36166,0
36167,1
36168,0
36169,1
36170,0
36171,0
36172,0
36173,0
36174,0
36175,1
36176,0
36177,1
36178,0
36179,1
36180,1
36181,1
36182,0
36183,1
36184,1
36185,1
36186,1
36187,0
36188,1
36189,0
36190,0
36191,0
36192,0
36193,0
36194,1
36195,0
36196,0
36197,0
36198,0
36199,1
36200,0
36201,0
36202,0
36203,0
36204,1
36205,1
36206,0
36207,1
36208,0
36209,1
36210,0
36211,0
36212,1
36213,1
36214,0
36215,1
36216,0
36217,0
36218,0
36219,0
36220,0
36221,1
36222,0
36223,1
36224,0
36225,1
36226,0
36227,0
36228,1
36229,0
36230,0
36231,0
36232,1
36233,0
36234,1
36235,0
36236,0
36237,0
36238,0
36239,0
36240,0
36241,1
36242,0
36243,1
36244,0
36245,0
36246,0
36247,0
36248,0
36249,0
36250,0
36251,0
36252,0
36253,1
36254,0
36255,0
36256,0
36257,0
36258,0
36259,0
36260,0
36261,0
36262,1
36263,0
36264,0
36265,0
36266,0
36267,0
36268,1
36269,0
36270,0
36271,0
36272,1
36273,1
36274,0
36275,0
36276,0
36277,0
36278,0
36279,0
36280,1
36281,1
36282,0
36283,0
36284,0
36285,0
36286,1
36287,1
36288,0
36289,0
36290,0
36291,0
36292,0
36293,0
36294,0
36295,0
36296,0
36297,0
36298,0
36299,0
36300,0
36301,1
36302,0
36303,1
36304,0
36305,0
36306,0
36307,0
36308,1
36309,0
36310,0
36311,0
36312,1
36313,0
36314,0
36315,0
36316,0
36317,0
36318,0
36319,1
36320,1
36321,0
36322,0
36323,0
36324,0
36325,0
36326,0
36327,0
36328,1
36329,1
36330,0
36331,0
36332,1
36333,0
36334,0
36335,0
36336,1
36337,0
36338,0
36339,0
36340,1
36341,1
36342,0
36343,0
36344,0
36345,0
36346,1
36347,1
36348,1
36349,1
36350,1
36351,1
36352,0
36353,0
36354,1
36355,0
36356,0
36357,0
36358,1
36359,0
36360,1
36361,0
36362,0
36363,1
36364,0
36365,1
36366,0
36367,0
36368,0
36369,0
36370,1
36371,0
36372,1
36373,0
36374,0
36375,0
36376,0
36377,1
36378,1
36379,1
36380,0
36381,0
36382,0
36383,1
36384,0
36385,1
36386,1
36387,1
36388,1
36389,0
36390,0
36391,1
36392,0
36393,0
36394,0
36395,0
36396,0
36397,0
36398,1
36399,0
36400,0
36401,1
36402,1
36403,0
36404,1
36405,1
36406,0
36407,1
36408,0
36409,1
36410,0
36411,1
36412,0
36413,0
36414,0
36415,1
36416,0
36417,1
36418,1
36419,1
36420,0
36421,1
36422,1
36423,0
36424,0
36425,0
36426,0
36427,1
36428,0
36429,0
36430,0
36431,0
36432,0
36433,1
36434,0
36435,1
36436,0
36437,0
36438,0
36439,1
36440,0
36441,0
36442,0
36443,0
36444,0
36445,0
36446,1
36447,0
36448,0
36449,0
36450,0
36451,0
36452,0
36453,0
36454,0
36455,1
36456,0
36457,0
36458,1
36459,0
36460,0
36461,1
36462,1
36463,0
36464,1
36465,0
36466,0
36467,0
36468,1
36469,0
36470,0
36471,0
36472,0
36473,0
36474,0
36475,0
36476,1
36477,0
36478,0
36479,0
36480,0
36481,1
36482,0
36483,0
36484,0
36485,1
36486,0
36487,1
36488,0
36489,0
36490,1
36491,1
36492,0
36493,1
36494,1
36495,1
36496,0
36497,0
36498,1
36499,0
36500,0
36501,0
36502,1
36503,1
36504,0
36505,0
36506,0
36507,1
36508,0
36509,0
36510,1
36511,0
36512,0
36513,0
36514,0
36515,0
36516,0
36517,0
36518,0
36519,0
36520,0
36521,1
36522,0
36523,1
36524,0
36525,0
36526,0
36527,0
36528,0
36529,1
36530,1
36531,0
36532,0
36533,1
36534,1
36535,0
36536,1
36537,0
36538,1
36539,0
36540,0
36541,1
36542,0
36543,0
36544,1
36545,0
36546,0
36547,0
36548,0
36549,0
36550,0
36551,0
36552,1
36553,1
36554,1
36555,0
36556,0
36557,0
36558,0
36559,0
36560,0
36561,1
36562,1
36563,1
36564,1
36565,1
36566,0
36567,0
36568,1
36569,0
36570,0
36571,0
36572,0
36573,1
36574,0
36575,1
36576,0
36577,1
36578,0
36579,0
36580,1
36581,0
36582,0
36583,1
36584,1
36585,0
36586,0
36587,0
36588,0
36589,0
36590,1
36591,0
36592,0
36593,1
36594,0
36595,0
36596,1
36597,0
36598,0
36599,0
36600,0
36601,0
36602,0
36603,0
36604,1
36605,0
36606,0
36607,0
36608,0
36609,0
36610,0
36611,0
36612,0
36613,0
36614,1
36615,0
36616,0
36617,0
36618,0
36619,1
36620,0
36621,0
36622,0
36623,1
36624,0
36625,0
36626,0
36627,0
36628,0
36629,0
36630,0
36631,0
36632,0
36633,1
36634,0
36635,1
36636,0
36637,0
36638,1
36639,0
36640,1
36641,0
36642,0
36643,0
36644,0
36645,0
36646,1
36647,0
36648,0
36649,0
36650,1
36651,0
36652,1
36653,1
36654,1
36655,0
36656,0
36657,0
36658,0
36659,0
36660,0
36661,1
36662,0
36663,0
36664,1
36665,0
36666,1
36667,0
36668,1
36669,1
36670,0
36671,1
36672,1
36673,0
36674,0
36675,0
36676,1
36677,0
36678,0
36679,0
36680,1
36681,1
36682,0
36683,0
36684,1
36685,0
36686,0
36687,0
36688,0
36689,1
36690,0
36691,0
36692,0
36693,0
36694,0
36695,1
36696,0
36697,1
36698,1
36699,1
36700,0
36701,0
36702,0
36703,1
36704,0
36705,0
36706,1
36707,0
36708,1
36709,1
36710,0
36711,0
36712,1
36713,0
36714,0
36715,1
36716,0
36717,0
36718,0
36719,1
36720,0
36721,0
36722,0
36723,1
36724,0
36725,0
36726,0
36727,0
36728,0
36729,0
36730,1
36731,0
36732,0
36733,0
36734,0
36735,1
36736,1
36737,0
36738,1
36739,1
36740,1
36741,0
36742,0
36743,0
36744,0
36745,0
36746,1
36747,1
36748,0
36749,0
36750,1
36751,0
36752,1
36753,1
36754,0
36755,0
36756,0
36757,1
36758,0
36759,1
36760,1
36761,1
36762,0
36763,1
36764,0
36765,0
36766,1
36767,0
36768,0
36769,0
36770,0
36771,0
36772,1
36773,1
36774,0
36775,1
36776,0
36777,1
36778,0
36779,1
36780,0
36781,0
36782,1
36783,0
36784,1
36785,0
36786,0
36787,0
36788,0
36789,0
36790,0
36791,1
36792,1
36793,0
36794,0
36795,0
36796,0
36797,0
36798,0
36799,0
36800,0
36801,0
36802,0
36803,1
36804,0
36805,0
36806,0
36807,0
36808,0
36809,1
36810,0
36811,0
36812,1
36813,1
36814,0
36815,0
36816,0
36817,1
36818,0
36819,0
36820,0
36821,0
36822,1
36823,1
36824,0
36825,0
36826,0
36827,0
36828,0
36829,1
36830,0
36831,0
36832,0
36833,0
36834,0
36835,0
36836,0
36837,0
36838,0
36839,0
36840,1
36841,1
36842,1
36843,0
36844,1
36845,1
36846,0
36847,0
36848,0
36849,1
36850,0
36851,0
36852,1
36853,0
36854,1
36855,0
36856,0
36857,0
36858,1
36859,0
36860,0
36861,0
36862,0
36863,0
36864,0
36865,0
36866,1
36867,0
36868,1
36869,0
36870,0
36871,0
36872,0
36873,1
36874,0
36875,0
36876,1
36877,0
36878,0
36879,0
36880,0
36881,1
36882,0
36883,0
36884,0
36885,0
36886,0
36887,1
36888,0
36889,0
36890,0
36891,1
36892,0
36893,0
36894,0
36895,0
36896,1
36897,0
36898,0
36899,0
36900,0
36901,0
36902,0
36903,1
36904,1
36905,0
36906,0
36907,0
36908,0
36909,0
36910,0
36911,1
36912,0
36913,0
36914,1
36915,0
36916,0
36917,0
36918,1
36919,0
36920,0
36921,0
36922,0
36923,1
36924,0
36925,0
36926,0
36927,0
36928,1
36929,0
36930,0
36931,0
36932,1
36933,1
36934,0
36935,1
36936,1
36937,1
36938,0
36939,0
36940,1
36941,0
36942,0
36943,0
36944,1
36945,0
36946,0
36947,0
36948,1
36949,0
36950,0
36951,0
36952,0
36953,0
36954,1
36955,1
36956,0
36957,0
36958,0
36959,0
36960,1
36961,0
36962,0
36963,0
36964,0
36965,0
36966,1
36967,0
36968,1
36969,0
36970,0
36971,0
36972,1
36973,0
36974,1
36975,0
36976,0
36977,0
36978,0
36979,0
36980,0
36981,0
36982,0
36983,0
36984,0
36985,1
36986,0
36987,1
36988,0
36989,1
36990,1
36991,0
36992,0
36993,0
36994,0
36995,0
36996,0
36997,0
36998,1
36999,1
37000,1
37001,0
37002,1
37003,0
37004,1
37005,1
37006,1
37007,1
37008,0
37009,0
37010,1
37011,1
37012,1
37013,0
37014,1
37015,1
37016,0
37017,0
37018,0
37019,0
37020,0
37021,0
37022,0
37023,1
37024,0
37025,1
37026,1
37027,0
37028,0
37029,0
37030,1
37031,1
37032,1
37033,1
37034,0
37035,0
37036,1
37037,1
37038,0
37039,1
37040,1
37041,0
37042,0
37043,0
37044,1
37045,1
37046,0
37047,1
37048,0
37049,0
37050,1
37051,1
37052,0
37053,0
37054,1
37055,1
37056,0
37057,1
37058,1
37059,0
37060,1
37061,1
37062,0
37063,0
37064,1
37065,0
37066,0
37067,1
37068,0
37069,0
37070,0
37071,0
37072,0
37073,0
37074,0
37075,0
37076,0
37077,0
37078,0
37079,0
37080,0
37081,1
37082,1
37083,1
37084,0
37085,0
37086,0
37087,0
37088,0
37089,0
37090,1
37091,0
37092,0
37093,0
37094,0
37095,0
37096,0
37097,0
37098,0
37099,1
37100,1
37101,0
37102,0
37103,0
37104,0
37105,1
37106,0
37107,0
37108,1
37109,0
37110,0
37111,1
37112,0
37113,0
37114,0
37115,0
37116,0
37117,0
37118,0
37119,0
37120,0
37121,1
37122,0
37123,0
37124,0
37125,1
37126,0
37127,1
37128,1
37129,1
37130,0
37131,0
37132,0
37133,0
37134,0
37135,0
37136,0
37137,1
37138,0
37139,0
37140,1
37141,0
37142,0
37143,0
37144,0
37145,1
37146,1
37147,0
37148,0
37149,0
37150,0
37151,0
37152,0
37153,0
37154,0
37155,0
37156,0
37157,1
37158,0
37159,0
37160,1
37161,0
37162,0
37163,0
37164,0
37165,1
37166,1
37167,0
37168,1
37169,0
37170,0
37171,0
37172,0
37173,1
37174,0
37175,0
37176,0
37177,0
37178,0
37179,0
37180,0
37181,1
37182,0
37183,0
37184,1
37185,0
37186,1
37187,0
37188,1
37189,1
37190,0
37191,0
37192,0
37193,0
37194,1
37195,0
37196,0
37197,0
37198,0
37199,0
37200,0
37201,1
37202,0
37203,0
37204,0
37205,1
37206,1
37207,1
37208,0
37209,0
37210,0
37211,1
37212,0
37213,1
37214,0
37215,0
37216,0
37217,0
37218,1
37219,0
37220,0
37221,0
37222,0
37223,1
37224,0
37225,0
37226,0
37227,0
37228,0
37229,0
37230,0
37231,0
37232,1
37233,0
37234,0
37235,0
37236,0
37237,1
37238,0
37239,0
37240,0
37241,1
37242,0
37243,0
37244,0
37245,0
37246,1
37247,0
37248,0
37249,0
37250,0
37251,1
37252,0
37253,0
37254,0
37255,1
37256,1
37257,0
37258,0
37259,0
37260,1
37261,0
37262,1
37263,0
37264,0
37265,0
37266,0
37267,1
37268,1
37269,0
37270,0
37271,1
37272,1
37273,0
37274,0
37275,1
37276,0
37277,1
37278,0
37279,0
37280,0
37281,0
37282,0
37283,1
37284,1
37285,1
37286,0
37287,0
37288,1
37289,0
37290,1
37291,0
37292,0
37293,0
37294,1
37295,0
37296,0
37297,0
37298,0
37299,1
37300,0
37301,1
37302,1
37303,0
37304,0
37305,1
37306,1
37307,0
37308,0
37309,1
37310,1
37311,0
37312,1
37313,0
37314,1
37315,0
37316,0
37317,0
37318,1
37319,0
37320,1
37321,0
37322,0
37323,1
37324,1
37325,1
37326,0
37327,0
37328,0
37329,0
37330,0
37331,0
37332,0
37333,0
37334,0
37335,0
37336,0
37337,1
37338,0
37339,0
37340,0
37341,0
37342,1
37343,1
37344,0
37345,0
37346,0
37347,1
37348,0
37349,0
37350,0
37351,1
37352,0
37353,0
37354,0
37355,1
37356,1
37357,0
37358,1
37359,0
37360,1
37361,1
37362,1
37363,0
37364,0
37365,0
37366,0
37367,0
37368,0
37369,0
37370,0
37371,0
37372,0
37373,1
37374,0
37375,0
37376,1
37377,0
37378,1
37379,1
37380,0
37381,1
37382,0
37383,1
37384,1
37385,0
37386,0
37387,0
37388,0
37389,0
37390,0
37391,0
37392,0
37393,1
37394,0
37395,1
37396,0
37397,0
37398,1
37399,0
37400,0
37401,0
37402,0
37403,0
37404,0
37405,0
37406,0
37407,1
37408,1
37409,0
37410,0
37411,0
37412,0
37413,1
37414,0
37415,0
37416,0
37417,0
37418,1
37419,0
37420,0
37421,0
37422,0
37423,0
37424,0
37425,0
37426,0
37427,0
37428,0
37429,0
37430,0
37431,0
37432,0
37433,0
37434,0
37435,1
37436,0
37437,0
37438,0
37439,0
37440,1
37441,0
37442,0
37443,0
37444,0
37445,0
37446,0
37447,0
37448,0
37449,0
37450,1
37451,0
37452,0
37453,0
37454,1
37455,0
37456,0
37457,1
37458,0
37459,0
37460,1
37461,1
37462,0
37463,0
37464,0
37465,1
37466,0
37467,0
37468,0
37469,0
37470,0
37471,0
37472,0
37473,0
37474,1
37475,0
37476,1
37477,0
37478,1
37479,1
37480,0
37481,0
37482,0
37483,0
37484,0
37485,0
37486,1
37487,1
37488,0
37489,1
37490,0
37491,0
37492,1
37493,0
37494,0
37495,1
37496,0
37497,0
37498,0
37499,1
37500,1
37501,1
37502,1
37503,1
37504,0
37505,0
37506,1
37507,0
37508,0
37509,0
37510,1
37511,1
37512,0
37513,0
37514,0
37515,1
37516,1
37517,1
37518,0
37519,0
37520,0
37521,0
37522,0
37523,1
37524,1
37525,0
37526,1
37527,0
37528,0
37529,0
37530,0
37531,1
37532,0
37533,0
37534,0
37535,0
37536,1
37537,0
37538,1
37539,1
37540,0
37541,0
37542,0
37543,0
37544,0
37545,0
37546,0
37547,0
37548,1
37549,0
37550,1
37551,0
37552,0
37553,1
37554,0
37555,0
37556,1
37557,0
37558,0
37559,0
37560,0
37561,0
37562,0
37563,0
37564,0
37565,0
37566,0
37567,0
37568,0
37569,1
37570,0
37571,1
37572,1
37573,0
37574,1
37575,0
37576,1
37577,0
37578,0
37579,0
37580,0
37581,0
37582,0
37583,0
37584,0
37585,0
37586,1
37587,1
37588,1
37589,0
37590,0
37591,0
37592,0
37593,0
37594,1
37595,0
37596,0
37597,1
37598,1
37599,1
37600,0
37601,0
37602,0
37603,0
37604,0
37605,0
37606,1
37607,1
37608,0
37609,0
37610,0
37611,0
37612,0
37613,0
37614,0
37615,0
37616,1
37617,0
37618,0
37619,1
37620,1
37621,0
37622,0
37623,0
37624,0
37625,0
37626,0
37627,1
37628,0
37629,0
37630,1
37631,1
37632,0
37633,0
37634,0
37635,1
37636,0
37637,1
37638,0
37639,0
37640,0
37641,0
37642,0
37643,1
37644,0
37645,0
37646,0
37647,1
37648,0
37649,0
37650,1
37651,0
37652,1
37653,0
37654,0
37655,0
37656,1
37657,1
37658,0
37659,0
37660,0
37661,0
37662,0
37663,1
37664,0
37665,1
37666,0
37667,0
37668,0
37669,1
37670,0
37671,1
37672,0
37673,0
37674,0
37675,1
37676,1
37677,1
37678,1
37679,0
37680,1
37681,0
37682,0
37683,0
37684,0
37685,0
37686,0
37687,1
37688,1
37689,0
37690,0
37691,0
37692,0
37693,1
37694,1
37695,1
37696,0
37697,0
37698,1
37699,0
37700,1
37701,0
37702,0
37703,1
37704,0
37705,0
37706,0
37707,0
37708,0
37709,0
37710,0
37711,0
37712,1
37713,0
37714,0
37715,1
37716,1
37717,1
37718,0
37719,0
37720,1
37721,1
37722,0
37723,0
37724,0
37725,0
37726,1
37727,0
37728,0
37729,0
37730,0
37731,0
37732,0
37733,0
37734,1
37735,1
37736,0
37737,0
37738,0
37739,0
37740,1
37741,1
37742,0
37743,0
37744,1
37745,0
37746,0
37747,0
37748,0
37749,1
37750,0
37751,0
37752,0
37753,0
37754,0
37755,0
37756,0
37757,1
37758,0
37759,1
37760,0
37761,0
37762,0
37763,1
37764,0
37765,0
37766,0
37767,1
37768,0
37769,0
37770,0
37771,1
37772,0
37773,0
37774,0
37775,0
37776,1
37777,0
37778,0
37779,0
37780,0
37781,0
37782,0
37783,0
37784,0
37785,1
37786,0
37787,0
37788,0
37789,1
37790,0
37791,0
37792,1
37793,1
37794,0
37795,0
37796,0
37797,0
37798,1
37799,0
37800,1
37801,0
37802,1
37803,0
37804,0
37805,0
37806,0
37807,1
37808,1
37809,1
37810,0
37811,1
37812,1
37813,1
37814,0
37815,0
37816,0
37817,1
37818,0
37819,0
37820,0
37821,1
37822,0
37823,1
37824,0
37825,0
37826,0
37827,0
37828,0
37829,1
37830,1
37831,1
37832,1
37833,1
37834,1
37835,0
37836,0
37837,0
37838,0
37839,1
37840,0
37841,0
37842,0
37843,1
37844,0
37845,1
37846,0
37847,0
37848,1
37849,0
37850,0
37851,0
37852,0
37853,0
37854,1
37855,0
37856,0
37857,1
37858,1
37859,1
37860,0
37861,0
37862,0
37863,0
37864,0
37865,0
37866,1
37867,0
37868,0
37869,0
37870,0
37871,1
37872,1
37873,1
37874,0
37875,0
37876,1
37877,0
37878,1
37879,1
37880,1
37881,0
37882,0
37883,0
37884,0
37885,0
37886,1
37887,0
37888,0
37889,0
37890,1
37891,1
37892,0
37893,0
37894,1
37895,0
37896,1
37897,0
37898,0
37899,0
37900,0
37901,0
37902,0
37903,1
37904,0
37905,1
37906,0
37907,0
37908,0
37909,0
37910,0
37911,0
37912,0
37913,1
37914,1
37915,1
37916,0
37917,0
37918,0
37919,0
37920,0
37921,1
37922,1
37923,0
37924,0
37925,0
37926,1
37927,0
37928,0
37929,0
37930,1
37931,0
37932,0
37933,0
37934,1
37935,0
37936,1
37937,1
37938,0
37939,1
37940,0
37941,1
37942,1
37943,0
37944,0
37945,0
37946,1
37947,0
37948,1
37949,0
37950,0
37951,1
37952,0
37953,0
37954,0
37955,1
37956,0
37957,0
37958,0
37959,1
37960,1
37961,1
37962,1
37963,0
37964,0
37965,1
37966,0
37967,0
37968,1
37969,1
37970,0
37971,0
37972,0
37973,0
37974,1
37975,0
37976,0
37977,0
37978,0
37979,0
37980,1
37981,0
37982,1
37983,0
37984,1
37985,0
37986,0
37987,1
37988,0
37989,1
37990,0
37991,1
37992,0
37993,0
37994,0
37995,1
37996,1
37997,0
37998,0
37999,0
38000,0
38001,0
38002,0
38003,1
38004,1
38005,0
38006,1
38007,0
38008,0
38009,0
38010,0
38011,0
38012,0
38013,0
38014,1
38015,0
38016,0
38017,0
38018,0
38019,0
38020,1
38021,0
38022,0
38023,0
38024,1
38025,1
38026,0
38027,1
38028,0
38029,1
38030,1
38031,0
38032,0
38033,0
38034,0
38035,1
38036,0
38037,0
38038,0
38039,0
38040,1
38041,0
38042,0
38043,0
38044,0
38045,0
38046,1
38047,1
38048,0
38049,0
38050,0
38051,0
38052,0
38053,0
38054,1
38055,1
38056,0
38057,0
38058,0
38059,1
38060,1
38061,0
38062,1
38063,1
38064,1
38065,0
38066,1
38067,1
38068,0
38069,1
38070,0
38071,1
38072,0
38073,0
38074,0
38075,0
38076,0
38077,0
38078,0
38079,0
38080,1
38081,1
38082,1
38083,0
38084,0
38085,0
38086,0
38087,0
38088,0
38089,0
38090,1
38091,0
38092,0
38093,1
38094,0
38095,0
38096,0
38097,0
38098,0
38099,0
38100,1
38101,0
38102,0
38103,0
38104,1
38105,0
38106,1
38107,0
38108,1
38109,0
38110,0
38111,0
38112,1
38113,1
38114,0
38115,1
38116,0
38117,1
38118,0
38119,0
38120,0
38121,0
38122,0
38123,1
38124,0
38125,1
38126,0
38127,0
38128,1
38129,0
38130,0
38131,1
38132,0
38133,1
38134,0
38135,0
38136,1
38137,1
38138,0
38139,0
38140,0
38141,1
38142,0
38143,1
38144,0
38145,0
38146,0
38147,0
38148,0
38149,0
38150,0
38151,1
38152,1
38153,1
38154,1
38155,0
38156,0
38157,1
38158,0
38159,1
38160,0
38161,0
38162,0
38163,0
38164,1
38165,0
38166,1
38167,0
38168,0
38169,0
38170,1
38171,0
38172,0
38173,1
38174,0
38175,1
38176,1
38177,0
38178,1
38179,0
38180,0
38181,0
38182,0
38183,0
38184,0
38185,0
38186,0
38187,1
38188,0
38189,0
38190,1
38191,0
38192,0
38193,0
38194,1
38195,0
38196,0
38197,0
38198,0
38199,1
38200,1
38201,0
38202,0
38203,0
38204,1
38205,1
38206,1
38207,1
38208,0
38209,1
38210,0
38211,1
38212,1
38213,0
38214,0
38215,0
38216,1
38217,0
38218,0
38219,0
38220,1
38221,1
38222,1
38223,0
38224,0
38225,0
38226,0
38227,0
38228,0
38229,0
38230,0
38231,0
38232,0
38233,0
38234,1
38235,0
38236,0
38237,1
38238,1
38239,0
38240,0
38241,0
38242,0
38243,0
38244,1
38245,1
38246,0
38247,1
38248,1
38249,0
38250,0
38251,0
38252,0
38253,0
38254,0
38255,0
38256,0
38257,0
38258,0
38259,0
38260,1
38261,0
38262,1
38263,1
38264,0
38265,1
38266,0
38267,0
38268,0
38269,1
38270,0
38271,0
38272,1
38273,0
38274,1
38275,0
38276,0
38277,0
38278,0
38279,1
38280,1
38281,0
38282,0
38283,1
38284,1
38285,0
38286,0
38287,0
38288,1
38289,1
38290,1
38291,0
38292,0
38293,0
38294,0
38295,0
38296,1
38297,1
38298,0
38299,0
38300,1
38301,0
38302,1
38303,0
38304,0
38305,0
38306,1
38307,0
38308,0
38309,0
38310,0
38311,0
38312,0
38313,0
38314,0
38315,0
38316,0
38317,1
38318,0
38319,0
38320,0
38321,0
38322,1
38323,0
38324,0
38325,0
38326,1
38327,0
38328,0
38329,0
38330,1
38331,0
38332,0
38333,1
38334,0
38335,0
38336,1
38337,0
38338,1
38339,1
38340,0
38341,0
38342,1
38343,0
38344,0
38345,1
38346,0
38347,0
38348,1
38349,0
38350,1
38351,0
38352,0
38353,1
38354,1
38355,1
38356,0
38357,0
38358,1
38359,0
38360,0
38361,0
38362,0
38363,1
38364,0
38365,0
38366,0
38367,1
38368,1
38369,0
38370,0
38371,0
38372,1
38373,0
38374,0
38375,0
38376,1
38377,0
38378,0
38379,1
38380,0
38381,0
38382,1
38383,1
38384,0
38385,0
38386,0
38387,0
38388,1
38389,1
38390,0
38391,0
38392,1
